transactions_id,sale_date,sale_time,customer_id,gender,age,category,quantiy,price_per_unit,cogs
180,2022-11-05,10:47:00,117,Male,41,Clothing,3,300,129
522,2022-07-09,11:00:00,52,Male,46,Beauty,3,500,145
559,2022-12-12,10:48:00,5,Female,40,Clothing,4,300,84
1180,2022-01-06,08:53:00,85,Male,41,Clothing,3,300,129
1522,2022-11-14,08:35:00,48,Male,46,Beauty,3,500,235
1559,2022-08-20,07:40:00,49,Female,40,Clothing,4,300,144
163,2022-10-31,09:38:00,144,Female,64,Clothing,3,50,23
303,2022-04-22,11:09:00,54,Male,19,Electronics,3,30,14.7
421,2022-04-08,08:43:00,66,Female,37,Clothing,3,500,235
979,2022-05-18,10:18:00,6,Female,19,Beauty,1,25,10.5
1163,2022-05-04,10:52:00,120,Female,64,Clothing,3,50,27
1303,2022-03-19,08:59:00,58,Male,19,Electronics,3,30,15
1421,2022-01-17,07:07:00,59,Female,37,Clothing,3,500,185
1979,2022-08-17,11:34:00,102,Female,19,Beauty,1,25,7.75
610,2022-12-18,06:56:00,137,Female,26,Beauty,2,300,93
1610,2022-11-23,10:18:00,1,Female,26,Beauty,2,300,102
32,2022-07-16,09:11:00,150,Male,30,Beauty,3,30,8.4
231,2022-07-09,07:02:00,50,Female,23,Clothing,3,50,26.5
683,2022-03-06,10:22:00,82,Male,38,Beauty,2,500,175
1032,2022-04-01,08:15:00,1,Male,30,Beauty,3,30,10.5
1231,2022-01-29,07:05:00,12,Female,23,Clothing,3,50,23
1683,2022-05-04,07:19:00,98,Male,38,Beauty,2,500,220
367,2022-12-30,07:03:00,123,Female,57,Electronics,1,50,18
391,2022-03-25,07:37:00,68,Male,19,Beauty,2,25,6.25
432,2022-03-10,11:31:00,17,Female,,Electronics,2,500,190
1367,2022-04-15,11:38:00,16,Female,,Electronics,1,50,15.5
1391,2022-03-01,11:29:00,130,Male,,Beauty,2,25,9.25
1432,2022-12-25,06:24:00,67,Female,,Electronics,2,500,245
150,2022-04-13,08:25:00,89,Female,,Electronics,4,30,16.2
845,2022-10-27,10:12:00,25,Male,,Clothing,1,500,145
1150,2022-08-22,10:04:00,77,Female,,Electronics,4,30,10.2
1845,2022-05-24,07:06:00,94,Male,,Clothing,1,500,185
797,2022-09-16,06:38:00,116,Male,,Clothing,3,25,10.75
921,2022-09-28,09:34:00,101,Male,,Electronics,3,25,8
1797,2022-04-16,11:47:00,147,Male,40,Clothing,3,25,12.25
1921,2022-02-08,07:01:00,77,Male,51,Electronics,3,25,7.5
291,2022-11-22,08:29:00,15,Male,60,Clothing,2,300,126
907,2022-09-02,06:16:00,145,Female,45,Electronics,1,25,8.5
1291,2022-04-04,11:19:00,72,Male,60,Clothing,2,300,153
1907,2022-11-17,11:21:00,115,Female,45,Electronics,1,25,9
860,2022-04-11,08:58:00,85,Male,63,Clothing,4,50,16
1860,2022-03-12,11:21:00,57,Male,63,Clothing,4,50,18
184,2022-02-13,06:44:00,128,Male,31,Electronics,4,50,17
734,2022-03-12,08:54:00,77,Female,27,Clothing,1,30,15.6
1184,2022-02-12,08:28:00,23,Male,31,Electronics,4,50,27.5
1734,2022-02-28,08:58:00,72,Female,27,Clothing,1,30,14.4
225,2022-03-05,07:37:00,85,Female,57,Beauty,4,25,12.75
679,2022-08-26,08:59:00,64,Female,18,Beauty,,,
746,2022-07-05,11:33:00,42,Female,33,Clothing,,,
1225,2022-02-02,09:51:00,137,Female,57,Beauty,,,
1679,2022-09-23,08:08:00,71,Female,18,Beauty,3,30,15.3
1746,2022-06-13,07:59:00,88,Female,33,Clothing,3,30,10.8
3,2022-06-14,07:08:00,114,Male,50,Electronics,1,30,8.1
464,2022-03-06,11:13:00,24,Male,38,Electronics,2,300,75
484,2022-03-13,07:52:00,135,Female,19,Clothing,4,300,75
591,2022-03-21,08:38:00,94,Male,53,Electronics,4,25,6.5
1003,2022-01-26,07:59:00,80,Male,50,Electronics,1,30,15.9
1464,2022-11-13,10:06:00,80,Male,38,Electronics,2,300,126
1484,2022-11-23,09:29:00,22,Female,19,Clothing,4,300,147
1591,2022-09-29,11:00:00,62,Male,53,Electronics,4,25,7
21,2022-07-11,07:33:00,59,Female,50,Beauty,1,500,275
708,2022-04-06,08:38:00,62,Female,43,Beauty,3,300,87
713,2022-04-16,11:43:00,39,Male,34,Beauty,3,25,11.25
768,2022-06-27,06:50:00,58,Female,24,Beauty,3,25,10.5
1021,2022-06-11,10:19:00,44,Female,50,Beauty,1,500,155
1708,2022-02-08,07:47:00,41,Female,43,Beauty,3,300,162
1713,2022-10-03,10:10:00,90,Male,34,Beauty,3,25,10.75
1768,2022-07-31,09:52:00,85,Female,24,Beauty,3,25,8.75
499,2022-04-03,10:52:00,15,Male,46,Beauty,2,30,16.5
697,2022-12-25,07:52:00,152,Male,53,Clothing,1,500,200
831,2022-11-30,11:49:00,149,Male,27,Electronics,4,25,13.75
1499,2022-09-23,09:46:00,3,Male,46,Beauty,2,30,11.7
1697,2022-12-18,08:22:00,54,Male,53,Clothing,1,500,265
1831,2022-03-26,10:54:00,80,Male,27,Electronics,4,25,6.5
15,2022-07-01,11:50:00,75,Female,42,Electronics,4,500,210
743,2022-08-07,07:54:00,55,Female,34,Beauty,4,500,260
1015,2022-03-09,11:53:00,94,Female,42,Electronics,4,500,200
1743,2022-10-26,09:37:00,47,Female,34,Beauty,4,500,250
14,2022-05-18,07:11:00,8,Male,64,Clothing,4,30,13.2
103,2022-11-12,10:05:00,33,Female,59,Clothing,1,25,10.75
238,2022-05-10,11:52:00,20,Female,39,Beauty,1,500,150
986,2022-08-01,09:35:00,65,Female,49,Clothing,2,500,200
1014,2022-02-04,10:26:00,147,Male,64,Clothing,4,30,11.4
1103,2022-02-14,07:11:00,61,Female,59,Clothing,1,25,6.75
1238,2022-09-17,07:38:00,129,Female,39,Beauty,1,500,165
1986,2022-09-14,08:28:00,29,Female,49,Clothing,2,500,145
438,2022-08-31,10:15:00,88,Female,42,Clothing,1,30,15.9
1438,2022-01-07,10:00:00,72,Female,42,Clothing,1,30,13.8
475,2022-08-12,10:39:00,78,Male,26,Clothing,3,25,9
505,2022-12-17,07:25:00,86,Male,24,Beauty,1,50,19.5
1475,2022-10-04,07:03:00,132,Male,26,Clothing,3,25,10.75
1505,2022-10-30,08:00:00,98,Male,24,Beauty,1,50,14.5
344,2022-07-17,09:47:00,69,Female,42,Beauty,1,30,7.5
448,2022-03-19,09:36:00,86,Female,54,Beauty,2,30,16.2
742,2022-03-19,06:08:00,37,Female,38,Electronics,4,500,195
1344,2022-12-18,06:12:00,144,Female,42,Beauty,1,30,11.1
1448,2022-05-16,06:28:00,51,Female,54,Beauty,2,30,9.3
1742,2022-11-22,08:25:00,18,Female,38,Electronics,4,500,220
445,2022-04-14,10:48:00,132,Female,53,Electronics,1,300,138
787,2022-06-10,10:42:00,25,Male,41,Electronics,1,25,13.75
1445,2022-04-19,06:16:00,31,Female,53,Electronics,1,300,129
1787,2022-05-30,07:42:00,104,Male,41,Electronics,1,25,10
49,2022-09-17,10:33:00,37,Female,54,Electronics,2,500,255
420,2022-01-02,10:53:00,28,Female,22,Clothing,4,500,200
519,2022-04-08,10:17:00,52,Female,36,Electronics,4,30,16.5
1049,2022-05-16,06:36:00,143,Female,54,Electronics,2,500,125
1420,2022-04-15,07:01:00,138,Female,22,Clothing,4,500,205
1519,2022-01-08,07:35:00,139,Female,36,Electronics,4,30,9.3
64,2022-11-15,06:34:00,7,Male,49,Clothing,4,25,8.5
592,2022-12-26,09:15:00,77,Female,46,Beauty,4,500,275
912,2022-10-31,06:18:00,122,Male,51,Beauty,3,50,20.5
1064,2022-04-14,10:38:00,49,Male,49,Clothing,4,25,13.75
1592,2022-03-16,09:08:00,81,Female,46,Beauty,4,500,155
1912,2022-05-27,07:40:00,146,Male,51,Beauty,3,50,22
134,2022-08-25,09:03:00,132,Male,49,Electronics,1,50,16
1134,2022-08-05,09:04:00,106,Male,49,Electronics,1,50,24
288,2022-05-02,09:59:00,27,Male,28,Clothing,4,30,12
323,2022-01-21,08:22:00,97,Female,29,Beauty,3,300,150
618,2022-10-13,10:22:00,5,Female,27,Beauty,1,50,26
720,2022-04-08,08:50:00,116,Female,56,Beauty,3,500,235
1288,2022-04-05,11:56:00,26,Male,28,Clothing,4,30,9
1323,2022-08-15,10:49:00,136,Female,29,Beauty,3,300,114
1618,2022-09-15,06:27:00,118,Female,27,Beauty,1,50,13.5
1720,2022-10-10,08:51:00,28,Female,56,Beauty,3,500,190
415,2022-01-05,09:59:00,85,Male,53,Clothing,2,30,8.1
736,2022-12-18,08:30:00,97,Male,29,Clothing,4,25,9.75
929,2022-03-11,10:18:00,40,Female,23,Beauty,3,25,10.5
1415,2022-03-06,07:11:00,146,Male,53,Clothing,2,30,15.3
1736,2022-08-28,08:57:00,87,Male,29,Clothing,4,25,10.25
1929,2022-09-15,06:50:00,62,Female,23,Beauty,3,25,12.75
264,2022-12-26,11:03:00,111,Male,47,Clothing,3,300,150
913,2022-10-12,10:52:00,78,Male,29,Electronics,3,30,16.5
940,2022-01-05,08:11:00,46,Female,20,Electronics,1,30,9.6
1264,2022-05-27,09:23:00,82,Male,47,Clothing,3,300,123
1913,2022-06-23,07:10:00,101,Male,29,Electronics,3,30,14.1
1940,2022-06-15,09:47:00,56,Female,20,Electronics,1,30,11.1
101,2022-01-08,08:46:00,24,Male,32,Clothing,2,300,135
1101,2022-05-17,07:47:00,15,Male,32,Clothing,2,300,132
189,2022-01-02,09:44:00,143,Male,63,Beauty,1,50,14.5
317,2022-05-04,07:54:00,117,Male,22,Electronics,3,30,12
322,2022-10-19,06:11:00,13,Male,51,Electronics,1,500,125
329,2022-10-27,07:42:00,52,Female,46,Electronics,4,25,8
1189,2022-12-07,06:08:00,104,Male,63,Beauty,1,50,20.5
1317,2022-08-25,08:02:00,144,Male,22,Electronics,3,30,12
1322,2022-11-14,09:56:00,10,Male,51,Electronics,1,500,250
1329,2022-01-27,10:39:00,119,Female,46,Electronics,4,25,9.25
235,2022-03-10,10:13:00,132,Female,23,Electronics,2,500,275
300,2022-01-08,09:41:00,138,Female,19,Electronics,4,50,26.5
964,2022-08-26,08:18:00,15,Male,24,Clothing,3,300,156
1235,2022-04-04,06:44:00,87,Female,23,Electronics,2,500,220
1300,2022-08-08,08:57:00,7,Female,19,Electronics,4,50,24
1964,2022-08-02,08:27:00,115,Male,24,Clothing,3,300,111
269,2022-09-19,11:31:00,87,Male,25,Clothing,4,500,250
320,2022-04-20,08:35:00,57,Female,28,Electronics,4,300,159
673,2022-07-04,10:14:00,18,Female,43,Clothing,3,500,270
1269,2022-01-01,08:09:00,71,Male,25,Clothing,4,500,145
1320,2022-11-02,11:55:00,102,Female,28,Electronics,4,300,84
1673,2022-06-14,07:36:00,42,Female,43,Clothing,3,500,185
142,2022-04-08,10:05:00,61,Male,35,Electronics,4,300,138
223,2022-01-15,11:18:00,61,Female,64,Clothing,1,25,12
666,2022-03-03,10:59:00,49,Male,51,Electronics,3,50,16
1142,2022-11-09,09:49:00,2,Male,35,Electronics,4,300,114
1223,2022-02-20,07:40:00,106,Female,64,Clothing,1,25,9.75
1666,2022-12-08,10:10:00,125,Male,51,Electronics,3,50,21
107,2022-10-06,09:18:00,75,Female,21,Clothing,4,300,78
933,2022-09-19,07:53:00,81,Male,22,Beauty,1,30,12.9
1107,2022-12-31,11:14:00,62,Female,21,Clothing,4,300,102
1933,2022-01-12,11:04:00,121,Male,22,Beauty,1,30,14.4
237,2022-04-11,08:54:00,105,Female,50,Beauty,2,500,165
335,2022-02-02,09:23:00,2,Female,47,Beauty,4,30,10.8
1237,2022-02-23,09:20:00,48,Female,50,Beauty,2,500,215
1335,2022-05-27,08:45:00,117,Female,47,Beauty,4,30,8.7
63,2022-02-03,11:49:00,127,Male,57,Electronics,2,25,6.25
195,2022-08-14,11:51:00,10,Male,52,Clothing,1,30,9.3
333,2022-10-06,08:15:00,21,Female,54,Electronics,4,300,99
379,2022-06-01,07:28:00,76,Female,47,Clothing,1,25,8.5
490,2022-01-27,06:07:00,43,Male,34,Clothing,3,50,18.5
530,2022-05-01,07:52:00,8,Female,18,Electronics,4,30,9
740,2022-12-01,06:58:00,33,Female,25,Beauty,4,50,13
793,2022-05-27,10:53:00,1,Male,54,Beauty,1,30,14.7
1063,2022-08-04,10:26:00,56,Male,57,Electronics,2,25,11
1195,2022-09-21,07:07:00,55,Male,52,Clothing,1,30,12
1333,2022-11-01,11:38:00,151,Female,54,Electronics,4,300,165
1379,2022-01-02,06:23:00,69,Female,47,Clothing,1,25,7.25
1490,2022-10-26,07:15:00,155,Male,34,Clothing,3,50,17
1530,2022-12-10,08:17:00,93,Female,18,Electronics,4,30,12.3
1740,2022-07-16,06:01:00,66,Female,25,Beauty,4,50,27
1793,2022-12-11,06:05:00,88,Male,54,Beauty,1,30,10.8
85,2022-09-03,08:05:00,68,Male,31,Clothing,3,50,19
232,2022-08-12,07:14:00,150,Female,43,Beauty,1,25,12.75
240,2022-11-05,11:49:00,95,Female,23,Beauty,1,300,123
993,2022-09-07,09:21:00,134,Female,48,Electronics,3,50,17
1085,2022-08-12,09:29:00,76,Male,31,Clothing,3,50,17
1232,2022-05-23,08:05:00,146,Female,43,Beauty,1,25,6.25
1240,2022-08-07,07:42:00,144,Female,23,Beauty,1,300,90
1993,2022-12-29,11:53:00,123,Female,48,Electronics,3,50,26.5
366,2022-10-29,09:32:00,116,Male,57,Clothing,2,50,17.5
372,2022-06-19,11:45:00,27,Female,24,Beauty,3,500,140
596,2022-02-12,08:44:00,87,Female,64,Electronics,1,300,93
936,2022-01-05,10:51:00,143,Male,57,Beauty,4,50,19.5
1366,2022-01-01,11:34:00,25,Male,57,Clothing,2,50,23.5
1372,2022-03-18,10:53:00,60,Female,24,Beauty,3,500,145
1596,2022-03-28,06:22:00,7,Female,64,Electronics,1,300,141
1936,2022-06-19,11:32:00,60,Male,57,Beauty,4,50,12.5
284,2022-11-12,09:17:00,129,Male,43,Clothing,4,50,20.5
434,2022-10-26,06:09:00,50,Female,43,Electronics,2,25,8.25
775,2022-05-06,11:07:00,98,Female,46,Electronics,4,25,9.5
977,2022-07-26,08:35:00,46,Female,35,Electronics,3,25,13.75
1284,2022-12-16,11:43:00,145,Male,43,Clothing,4,50,18
1434,2022-02-04,10:02:00,147,Female,43,Electronics,2,25,7
1775,2022-12-18,08:04:00,78,Female,46,Electronics,4,25,13.75
1977,2022-08-05,10:46:00,63,Female,35,Electronics,3,25,12
649,2022-06-21,08:17:00,44,Female,58,Clothing,2,300,135
1649,2022-10-21,07:44:00,72,Female,58,Clothing,2,300,75
54,2022-10-20,10:17:00,142,Female,38,Electronics,3,500,200
68,2022-12-15,09:06:00,146,Male,25,Electronics,1,300,84
192,2022-11-08,08:05:00,134,Male,62,Beauty,2,50,13
1054,2022-01-10,09:24:00,49,Female,38,Electronics,3,500,140
1068,2022-09-14,10:11:00,136,Male,25,Electronics,1,300,111
1192,2022-03-29,08:41:00,37,Male,62,Beauty,2,50,20.5
331,2022-08-16,08:33:00,28,Male,28,Electronics,3,30,10.2
346,2022-09-05,06:54:00,38,Male,59,Clothing,2,500,215
657,2022-01-29,08:53:00,46,Male,40,Clothing,1,25,8
732,2022-10-13,08:45:00,136,Male,61,Electronics,2,500,250
972,2022-08-16,11:42:00,139,Male,49,Beauty,4,25,6.75
1331,2022-05-15,09:29:00,36,Male,28,Electronics,3,30,13.8
1346,2022-04-10,10:01:00,112,Male,59,Clothing,2,500,130
1657,2022-08-09,10:05:00,61,Male,40,Clothing,1,25,8
1732,2022-02-25,07:05:00,55,Male,61,Electronics,2,500,215
1972,2022-12-21,06:39:00,5,Male,49,Beauty,4,25,9.25
714,2022-10-29,08:50:00,20,Female,18,Clothing,1,500,190
1714,2022-11-23,06:07:00,111,Female,18,Clothing,1,500,245
193,2022-03-27,10:40:00,55,Male,35,Beauty,3,500,180
577,2022-04-21,11:55:00,45,Male,21,Beauty,4,500,215
848,2022-01-24,10:46:00,15,Female,63,Clothing,3,25,9.75
945,2022-10-01,10:01:00,120,Male,30,Beauty,1,25,13.25
1193,2022-05-11,11:31:00,50,Male,35,Beauty,3,500,145
1577,2022-09-11,06:22:00,145,Male,21,Beauty,4,500,160
1848,2022-12-27,10:16:00,63,Female,63,Clothing,3,25,12.5
1945,2022-04-19,09:55:00,33,Male,30,Beauty,1,25,10.75
11,2022-02-27,10:30:00,151,Male,23,Clothing,2,50,23.5
821,2022-11-23,11:27:00,40,Male,49,Electronics,1,300,129
1011,2022-04-01,06:48:00,15,Male,23,Clothing,2,50,19
1821,2022-10-03,07:17:00,42,Male,49,Electronics,1,300,108
133,2022-06-23,09:01:00,70,Male,20,Electronics,3,300,87
1133,2022-03-05,06:42:00,58,Male,20,Electronics,3,300,159
16,2022-06-25,10:33:00,82,Male,19,Clothing,3,500,180
42,2022-12-08,08:29:00,63,Male,22,Clothing,3,300,147
292,2022-10-10,06:33:00,111,Male,20,Beauty,4,300,141
416,2022-08-21,09:29:00,55,Male,53,Electronics,4,500,245
584,2022-12-31,10:21:00,106,Female,27,Beauty,4,50,16.5
861,2022-09-30,08:57:00,22,Female,41,Clothing,3,30,9.6
1016,2022-12-12,07:39:00,52,Male,19,Clothing,3,500,200
1042,2022-02-11,06:21:00,7,Male,22,Clothing,3,300,150
1292,2022-05-15,08:20:00,88,Male,20,Beauty,4,300,90
1416,2022-12-29,10:47:00,111,Male,53,Electronics,4,500,125
1584,2022-09-03,11:07:00,62,Female,27,Beauty,4,50,16.5
1861,2022-07-04,10:41:00,145,Female,41,Clothing,3,30,10.2
256,2022-01-09,08:05:00,3,Male,23,Clothing,2,500,270
1256,2022-11-05,09:58:00,29,Male,23,Clothing,2,500,190
44,2022-03-03,11:07:00,93,Female,22,Clothing,1,25,11.75
257,2022-12-10,08:49:00,130,Male,19,Beauty,4,500,165
1044,2022-02-20,09:08:00,70,Female,22,Clothing,1,25,7.5
1257,2022-05-10,11:55:00,29,Male,19,Beauty,4,500,255
268,2022-04-14,08:26:00,93,Female,28,Electronics,1,30,8.7
287,2022-08-26,11:07:00,88,Male,54,Clothing,4,25,10
966,2022-11-07,07:22:00,119,Male,60,Electronics,2,500,190
1268,2022-06-09,09:33:00,15,Female,28,Electronics,1,30,14.1
1287,2022-09-13,08:03:00,120,Male,54,Clothing,4,25,7
1966,2022-07-20,09:52:00,74,Male,60,Electronics,2,500,200
70,2022-12-27,10:48:00,147,Female,43,Clothing,1,300,84
371,2022-12-18,10:01:00,32,Female,20,Beauty,1,25,13
900,2022-11-10,08:41:00,130,Male,21,Clothing,2,30,15.6
1070,2022-07-14,11:12:00,102,Female,43,Clothing,1,300,120
1371,2022-05-06,06:52:00,41,Female,20,Beauty,1,25,13.5
1900,2022-01-21,06:43:00,65,Male,21,Clothing,2,30,10.8
8,2022-12-27,11:19:00,148,Male,30,Electronics,4,25,11
41,2022-10-11,10:36:00,88,Male,34,Clothing,2,25,13.25
454,2022-03-12,07:20:00,13,Female,46,Beauty,1,25,13
780,2022-07-06,11:30:00,107,Male,52,Electronics,2,25,13.25
920,2022-08-20,10:25:00,99,Female,28,Beauty,3,25,6.75
1008,2022-01-10,08:51:00,116,Male,30,Electronics,4,25,13
1041,2022-05-10,07:27:00,74,Male,34,Clothing,2,25,11
1454,2022-06-25,11:18:00,22,Female,46,Beauty,1,25,6.75
1780,2022-12-11,10:00:00,32,Male,52,Electronics,2,25,10.5
1920,2022-10-24,08:33:00,23,Female,28,Beauty,3,25,9.25
396,2022-12-15,07:11:00,29,Female,55,Beauty,1,30,10.8
1396,2022-06-07,06:23:00,9,Female,55,Beauty,1,30,8.4
168,2022-04-29,09:20:00,138,Male,53,Clothing,1,300,102
400,2022-03-08,09:52:00,2,Male,53,Clothing,4,50,24
611,2022-07-21,08:13:00,11,Male,51,Beauty,3,500,180
800,2022-09-19,07:33:00,111,Male,32,Clothing,4,300,87
1168,2022-07-10,07:56:00,68,Male,53,Clothing,1,300,150
1400,2022-09-12,11:54:00,115,Male,53,Clothing,4,50,20
1611,2022-11-17,07:30:00,125,Male,51,Beauty,3,500,180
1800,2022-08-21,10:53:00,1,Male,32,Clothing,4,300,111
272,2022-06-10,11:57:00,112,Female,61,Electronics,2,50,27.5
473,2022-09-25,10:09:00,1,Male,64,Beauty,1,50,14.5
506,2022-04-29,07:13:00,9,Male,34,Beauty,3,500,200
766,2022-01-04,08:02:00,128,Male,38,Electronics,3,300,165
1272,2022-04-14,11:59:00,66,Female,61,Electronics,2,50,17
1473,2022-03-19,09:06:00,30,Male,64,Beauty,1,50,13
1506,2022-01-09,07:31:00,52,Male,34,Beauty,3,500,245
1766,2022-11-22,06:08:00,6,Male,38,Electronics,3,300,129
135,2022-04-18,07:22:00,104,Male,20,Clothing,2,25,13
1135,2022-01-14,08:16:00,124,Male,20,Clothing,2,25,12.5
2,2022-06-24,10:07:00,104,Female,26,Clothing,2,500,135
158,2022-01-21,11:38:00,141,Female,44,Electronics,2,300,132
185,2022-06-27,09:48:00,57,Male,24,Clothing,1,25,7
433,2022-07-29,08:48:00,144,Male,29,Beauty,4,50,20
1002,2022-03-02,09:24:00,69,Female,26,Clothing,2,500,270
1158,2022-02-24,09:29:00,77,Female,44,Electronics,2,300,138
1185,2022-10-04,10:28:00,153,Male,24,Clothing,1,25,10.25
1433,2022-01-16,11:41:00,113,Male,29,Beauty,4,50,15.5
152,2022-06-16,11:58:00,120,Male,43,Electronics,4,500,210
753,2022-07-06,10:07:00,70,Female,32,Clothing,1,30,15.9
763,2022-04-23,09:43:00,58,Male,34,Clothing,2,25,11.5
932,2022-10-08,08:33:00,120,Female,45,Beauty,4,25,7.75
1152,2022-12-26,07:48:00,87,Male,43,Electronics,4,500,170
1753,2022-07-17,07:40:00,28,Female,32,Clothing,1,30,10.5
1763,2022-06-30,11:37:00,93,Male,34,Clothing,2,25,13.5
1932,2022-11-08,07:07:00,96,Female,45,Beauty,4,25,6.25
399,2022-12-07,09:25:00,136,Female,64,Beauty,2,30,12.9
500,2022-10-14,06:11:00,120,Female,60,Beauty,4,25,11.5
514,2022-11-04,08:35:00,139,Female,18,Electronics,1,300,96
1399,2022-01-28,09:32:00,15,Female,64,Beauty,2,30,16.2
1500,2022-04-20,08:36:00,53,Female,60,Beauty,4,25,8.5
1514,2022-07-12,10:55:00,59,Female,18,Electronics,1,300,75
947,2022-07-31,07:09:00,4,Male,50,Beauty,1,300,129
1947,2022-03-05,06:27:00,134,Male,50,Beauty,1,300,75
220,2022-05-07,06:44:00,138,Male,64,Beauty,1,500,140
339,2022-08-18,10:27:00,33,Female,22,Electronics,2,25,10.25
785,2022-10-19,06:09:00,88,Female,31,Beauty,4,50,13
885,2022-09-17,10:10:00,121,Female,52,Clothing,4,30,14.4
888,2022-12-01,06:03:00,63,Female,52,Electronics,4,25,12.75
1220,2022-06-29,11:16:00,47,Male,64,Beauty,1,500,240
1339,2022-11-10,10:34:00,132,Female,22,Electronics,2,25,7.5
1785,2022-02-20,11:17:00,144,Female,31,Beauty,4,50,17
1885,2022-11-09,07:32:00,148,Female,52,Clothing,4,30,10.8
1888,2022-06-14,08:10:00,49,Female,52,Electronics,4,25,12.5
621,2022-04-13,09:55:00,138,Female,40,Beauty,2,500,275
1621,2022-09-22,10:49:00,2,Female,40,Beauty,2,500,160
52,2022-09-19,09:42:00,55,Female,36,Beauty,1,300,111
536,2022-08-20,06:25:00,17,Female,55,Beauty,4,30,8.7
1052,2022-02-12,06:12:00,94,Female,36,Beauty,1,300,120
1536,2022-05-11,07:23:00,14,Female,55,Beauty,4,30,13.5
197,2022-04-03,11:57:00,14,Female,42,Clothing,4,50,25.5
750,2022-11-13,07:33:00,69,Female,35,Clothing,3,25,8.75
910,2022-08-21,06:29:00,138,Female,20,Beauty,3,50,22.5
917,2022-02-15,11:50:00,120,Female,57,Electronics,4,50,16.5
1197,2022-08-13,10:07:00,77,Female,42,Clothing,4,50,19
1750,2022-01-20,10:10:00,138,Female,35,Clothing,3,25,7.25
1910,2022-10-09,06:22:00,141,Female,20,Beauty,3,50,18
1917,2022-05-02,07:17:00,52,Female,57,Electronics,4,50,24
198,2022-05-21,11:42:00,30,Female,54,Beauty,3,300,114
444,2022-10-06,07:06:00,51,Female,61,Clothing,3,30,15.9
547,2022-11-14,07:36:00,3,Male,63,Clothing,4,500,250
705,2022-09-30,07:28:00,37,Male,60,Electronics,2,25,6.25
1198,2022-08-07,10:43:00,147,Female,54,Beauty,3,300,159
1444,2022-04-29,06:18:00,135,Female,61,Clothing,3,30,14.1
1547,2022-08-11,06:39:00,142,Male,63,Clothing,4,500,235
1705,2022-08-14,08:32:00,94,Male,60,Electronics,2,25,8.75
423,2022-07-18,06:06:00,41,Female,27,Clothing,1,25,11.75
1423,2022-06-15,07:56:00,131,Female,27,Clothing,1,25,11
248,2022-07-02,07:11:00,5,Male,26,Clothing,3,300,126
360,2022-09-09,09:04:00,26,Male,42,Clothing,4,25,10.5
377,2022-09-13,08:30:00,141,Female,46,Clothing,4,50,18
1248,2022-09-08,08:20:00,68,Male,26,Clothing,3,300,111
1360,2022-06-18,09:31:00,93,Male,42,Clothing,4,25,6.25
1377,2022-03-21,07:52:00,71,Female,46,Clothing,4,50,14
397,2023-10-26,08:06:00,59,Female,30,Beauty,1,25,10.5
623,2023-11-15,10:00:00,39,Male,34,Clothing,3,50,26
1397,2023-01-01,11:05:00,6,Female,30,Beauty,1,25,11.75
1623,2023-03-05,06:14:00,76,Male,34,Clothing,3,50,22
717,2023-11-30,08:15:00,8,Male,57,Clothing,1,500,190
1717,2023-01-12,09:40:00,21,Male,57,Clothing,1,500,175
130,2023-06-19,06:21:00,114,Female,57,Clothing,1,500,125
658,2023-10-30,07:47:00,93,Male,59,Clothing,1,25,6.5
1130,2023-02-20,09:03:00,28,Female,57,Clothing,1,500,180
1658,2023-04-10,06:08:00,148,Male,59,Clothing,1,25,12.25
7,2023-07-06,06:24:00,38,Male,46,Clothing,2,25,13.25
119,2023-09-01,09:11:00,127,Female,60,Clothing,3,50,27.5
278,2023-12-22,11:42:00,71,Female,37,Clothing,4,25,13.5
1007,2023-06-09,10:09:00,15,Male,46,Clothing,2,25,11.5
1119,2023-11-19,09:36:00,1,Female,60,Clothing,3,50,25.5
1278,2023-07-19,06:19:00,28,Female,37,Clothing,4,25,6.75
117,2023-08-04,11:38:00,8,Male,19,Electronics,2,500,230
1117,2023-09-11,07:48:00,144,Male,19,Electronics,2,500,210
442,2023-06-30,11:07:00,24,Female,60,Clothing,4,25,13.25
590,2023-05-04,11:52:00,151,Male,36,Clothing,3,300,135
607,2023-05-05,09:33:00,109,Male,54,Clothing,3,25,13.25
1442,2023-02-16,11:02:00,96,Female,60,Clothing,4,25,11.25
1590,2023-08-10,09:39:00,142,Male,36,Clothing,3,300,147
1607,2023-01-16,10:18:00,53,Male,54,Clothing,3,25,7.75
436,2023-10-22,11:54:00,21,Female,57,Clothing,4,30,13.5
942,2023-12-01,09:22:00,35,Male,51,Clothing,3,500,160
1436,2023-01-20,11:29:00,1,Female,57,Clothing,4,30,9.9
1942,2023-09-16,11:53:00,112,Male,51,Clothing,3,500,265
659,2023-06-09,06:08:00,75,Female,39,Electronics,1,30,8.1
941,2023-04-28,09:58:00,39,Female,57,Clothing,2,25,6.5
1659,2023-07-27,09:29:00,22,Female,39,Electronics,1,30,9
1941,2023-01-06,06:14:00,48,Female,57,Clothing,2,25,12
136,2023-12-26,08:59:00,25,Male,44,Electronics,2,300,141
175,2023-01-25,10:02:00,23,Female,31,Electronics,4,25,12.5
663,2023-08-16,06:32:00,133,Male,23,Clothing,4,300,87
748,2023-03-01,09:35:00,132,Male,25,Clothing,3,50,24
806,2023-01-22,08:08:00,14,Female,35,Beauty,3,300,165
1136,2023-07-02,08:41:00,93,Male,44,Electronics,2,300,81
1175,2023-06-02,06:38:00,103,Female,31,Electronics,4,25,11.5
1663,2023-12-07,07:04:00,33,Male,23,Clothing,4,300,81
1748,2023-03-02,10:24:00,119,Male,25,Clothing,3,50,15.5
1806,2023-06-14,10:13:00,61,Female,35,Beauty,3,300,102
38,2023-02-25,11:39:00,147,Male,38,Beauty,4,50,26
313,2023-12-16,10:03:00,11,Female,55,Beauty,3,500,140
402,2023-07-12,08:45:00,63,Female,41,Clothing,2,300,135
459,2023-05-23,07:12:00,122,Male,28,Clothing,4,300,75
1038,2023-12-30,09:09:00,11,Male,38,Beauty,4,50,20.5
1313,2023-06-04,09:22:00,10,Female,55,Beauty,3,500,170
1402,2023-06-24,06:47:00,110,Female,41,Clothing,2,300,156
1459,2023-11-10,06:46:00,13,Male,28,Clothing,4,300,144
161,2023-07-01,06:58:00,104,Male,64,Beauty,2,500,195
328,2023-10-29,06:56:00,9,Male,39,Beauty,2,50,27
383,2023-03-24,08:53:00,64,Female,46,Beauty,3,30,7.8
973,2023-09-03,08:44:00,51,Male,60,Clothing,1,50,13
978,2023-07-27,09:58:00,16,Female,53,Clothing,3,50,19
1161,2023-06-29,11:06:00,30,Male,64,Beauty,2,500,160
1328,2023-12-10,07:49:00,60,Male,39,Beauty,2,50,24.5
1383,2023-09-06,09:13:00,68,Female,46,Beauty,3,30,14.1
1973,2023-08-19,10:10:00,22,Male,60,Clothing,1,50,21.5
1978,2023-08-31,11:59:00,41,Female,53,Clothing,3,50,15.5
33,2023-12-24,07:40:00,33,Female,50,Electronics,2,50,21
138,2023-04-27,10:56:00,127,Male,49,Clothing,4,50,26.5
471,2023-03-08,10:21:00,136,Male,32,Clothing,3,50,13
636,2023-05-09,06:15:00,60,Female,21,Beauty,3,500,230
1033,2023-04-12,06:52:00,32,Female,50,Electronics,2,50,19
1138,2023-10-16,11:59:00,27,Male,49,Clothing,4,50,14.5
1471,2023-06-25,10:34:00,30,Male,32,Clothing,3,50,13
1636,2023-07-22,11:26:00,50,Female,21,Beauty,3,500,150
177,2023-03-24,08:40:00,30,Male,45,Beauty,2,50,26.5
426,2023-12-13,08:11:00,137,Male,23,Electronics,3,50,12.5
1177,2023-02-20,09:19:00,89,Male,45,Beauty,2,50,15
1426,2023-12-12,11:32:00,114,Male,23,Electronics,3,50,25
76,2023-09-09,07:33:00,70,Female,22,Electronics,2,50,14.5
91,2023-04-14,06:31:00,152,Female,55,Electronics,1,500,235
461,2023-07-18,10:33:00,21,Female,18,Beauty,2,500,265
764,2023-11-07,08:46:00,47,Female,40,Clothing,1,25,11.25
1076,2023-07-14,11:09:00,99,Female,22,Electronics,2,50,15
1091,2023-07-15,08:46:00,139,Female,55,Electronics,1,500,235
1461,2023-05-01,08:43:00,63,Female,18,Beauty,2,500,180
1764,2023-11-02,11:04:00,13,Female,40,Clothing,1,25,11.75
202,2023-01-25,06:24:00,61,Female,34,Clothing,4,300,120
301,2023-07-30,10:58:00,104,Male,30,Clothing,4,30,9.6
703,2023-07-31,09:56:00,140,Male,34,Electronics,2,50,18.5
1202,2023-11-13,06:56:00,89,Female,34,Clothing,4,300,144
1301,2023-09-24,09:58:00,70,Male,30,Clothing,4,30,10.5
1703,2023-06-10,08:36:00,2,Male,34,Electronics,2,50,17
294,2023-10-09,09:24:00,89,Female,23,Clothing,3,30,15.3
760,2023-06-26,07:59:00,14,Male,27,Beauty,1,500,125
1294,2023-01-24,11:24:00,8,Female,23,Clothing,3,30,10.5
1760,2023-08-23,07:26:00,44,Male,27,Beauty,1,500,230
575,2023-12-12,10:29:00,14,Male,60,Clothing,2,50,23
1575,2023-07-28,11:54:00,26,Male,60,Clothing,2,50,22.5
88,2023-02-16,08:31:00,122,Male,56,Clothing,1,500,185
1088,2023-09-14,07:00:00,6,Male,56,Clothing,1,500,155
975,2023-01-09,07:41:00,145,Female,56,Clothing,4,50,19.5
1975,2023-08-21,10:48:00,63,Female,56,Clothing,4,50,25.5
553,2023-03-20,06:17:00,106,Male,24,Clothing,4,300,81
1553,2023-01-29,08:46:00,42,Male,24,Clothing,4,300,99
462,2023-08-26,10:04:00,71,Male,63,Electronics,4,300,132
614,2023-02-13,06:28:00,61,Female,39,Beauty,4,300,120
808,2023-11-22,07:18:00,30,Male,33,Beauty,4,500,195
1462,2023-11-13,10:42:00,124,Male,63,Electronics,4,300,114
1614,2023-08-23,11:37:00,135,Female,39,Beauty,4,300,105
1808,2023-02-12,10:48:00,109,Male,33,Beauty,4,500,210
166,2023-01-28,11:42:00,32,Male,34,Clothing,4,500,225
465,2023-02-22,11:52:00,40,Female,43,Electronics,3,50,15.5
502,2023-07-22,11:00:00,31,Male,43,Electronics,3,50,22.5
905,2023-10-01,06:27:00,96,Male,58,Beauty,1,300,111
1166,2023-07-19,07:45:00,65,Male,34,Clothing,4,500,245
1465,2023-04-17,09:36:00,131,Female,43,Electronics,3,50,26
1502,2023-04-08,08:30:00,152,Male,43,Electronics,3,50,18
1905,2023-08-29,06:07:00,26,Male,58,Beauty,1,300,102
280,2023-11-17,09:35:00,76,Female,37,Clothing,3,500,240
719,2023-07-02,07:19:00,37,Female,42,Clothing,2,30,12
834,2023-11-26,06:55:00,13,Female,56,Beauty,2,30,14.7
1280,2023-08-24,09:15:00,116,Female,37,Clothing,3,500,255
1719,2023-12-28,07:29:00,4,Female,42,Clothing,2,30,10.8
1834,2023-04-14,06:53:00,102,Female,56,Beauty,2,30,12.9
891,2023-01-09,06:43:00,24,Male,41,Electronics,3,300,99
928,2023-11-05,10:20:00,54,Female,35,Clothing,4,300,90
1891,2023-12-22,06:11:00,81,Male,41,Electronics,3,300,105
1928,2023-07-29,06:39:00,93,Female,35,Clothing,4,300,75
332,2023-04-24,11:28:00,138,Male,58,Electronics,4,300,105
1332,2023-12-04,10:02:00,146,Male,58,Electronics,4,300,123
255,2023-10-15,11:44:00,19,Male,48,Clothing,1,30,14.7
275,2023-03-05,11:34:00,2,Male,43,Clothing,2,500,260
314,2023-10-15,07:37:00,1,Male,52,Clothing,4,30,7.8
517,2023-08-20,08:54:00,3,Female,47,Clothing,4,25,9.25
847,2023-01-10,08:42:00,2,Female,18,Electronics,4,300,162
1255,2023-01-20,07:08:00,4,Male,48,Clothing,1,30,7.8
1275,2023-03-02,08:48:00,5,Male,43,Clothing,2,500,250
1314,2023-05-23,10:26:00,2,Male,52,Clothing,4,30,16.2
1517,2023-02-21,08:46:00,2,Female,47,Clothing,4,25,6.75
1847,2023-07-28,07:14:00,5,Female,18,Electronics,4,300,123
61,2023-07-07,11:47:00,4,Male,21,Beauty,4,50,20
274,2023-04-14,07:12:00,4,Female,23,Clothing,2,500,150
486,2023-12-02,09:47:00,4,Female,35,Electronics,1,25,6.5
548,2023-04-14,07:00:00,4,Female,51,Clothing,2,30,15.6
886,2023-12-11,11:25:00,4,Male,37,Electronics,3,300,165
892,2023-09-13,11:39:00,1,Male,20,Electronics,1,50,24
1061,2023-09-18,07:56:00,3,Male,21,Beauty,4,50,12.5
1274,2023-10-06,09:01:00,2,Female,23,Clothing,2,500,185
1486,2023-11-22,08:58:00,4,Female,35,Electronics,1,25,8.75
1548,2023-01-13,08:15:00,1,Female,51,Clothing,2,30,12.6
1886,2023-07-26,11:51:00,1,Male,37,Electronics,3,300,147
1892,2023-10-01,07:22:00,3,Male,20,Electronics,1,50,23.5
601,2023-06-05,09:23:00,5,Male,19,Clothing,1,30,13.2
901,2023-08-02,06:38:00,2,Male,31,Electronics,1,30,12
1601,2023-09-14,11:48:00,1,Male,19,Clothing,1,30,13.5
1901,2023-11-29,11:05:00,4,Male,31,Electronics,1,30,8.4
527,2023-04-21,11:35:00,1,Male,57,Clothing,2,25,11.5
1527,2023-09-29,08:30:00,1,Male,57,Clothing,2,25,11.75
23,2023-09-28,07:05:00,4,Female,35,Clothing,4,30,14.7
174,2023-11-15,06:07:00,2,Female,39,Beauty,1,300,126
589,2023-07-08,07:11:00,5,Female,36,Beauty,2,500,145
774,2023-11-06,09:04:00,2,Female,40,Clothing,2,25,6.5
1000,2023-04-01,10:22:00,1,Male,47,Electronics,4,30,8.4
1023,2023-05-23,08:40:00,5,Female,35,Clothing,4,30,8.1
1174,2023-05-17,06:55:00,2,Female,39,Beauty,1,300,132
1589,2023-07-01,06:30:00,5,Female,36,Beauty,2,500,145
1774,2023-03-09,06:48:00,2,Female,40,Clothing,2,25,8
2000,2023-03-31,06:38:00,4,Male,47,Electronics,4,30,10.8
210,2023-10-07,08:50:00,2,Male,37,Electronics,4,50,19
478,2023-07-24,11:13:00,3,Female,58,Clothing,2,30,8.1
745,2023-08-14,07:30:00,3,Male,54,Beauty,2,50,17
1210,2023-03-10,10:02:00,5,Male,37,Electronics,4,50,12.5
1478,2023-08-31,09:18:00,1,Female,58,Clothing,2,30,13.5
1745,2023-09-28,10:38:00,4,Male,54,Beauty,2,50,21
354,2023-12-16,07:58:00,5,Female,49,Beauty,4,50,24.5
408,2023-12-22,08:18:00,4,Female,64,Beauty,1,500,140
1354,2023-09-17,09:34:00,5,Female,49,Beauty,4,50,26.5
1408,2023-08-28,08:17:00,2,Female,64,Beauty,1,500,250
674,2023-03-30,11:10:00,2,Female,38,Clothing,1,300,84
1674,2023-11-22,09:21:00,1,Female,38,Clothing,1,300,123
967,2023-08-04,10:13:00,4,Male,62,Beauty,1,25,13.25
1967,2023-02-23,08:28:00,4,Male,62,Beauty,1,25,12.25
79,2023-04-13,10:15:00,1,Male,34,Beauty,1,300,96
406,2023-04-01,11:50:00,3,Female,22,Beauty,4,25,11
450,2023-12-01,06:35:00,2,Female,59,Beauty,2,25,11
562,2023-11-09,09:26:00,3,Male,54,Electronics,2,25,7.25
1079,2023-08-21,06:45:00,1,Male,34,Beauty,1,300,117
1406,2023-06-22,08:45:00,2,Female,22,Beauty,4,25,10
1450,2023-07-16,08:52:00,1,Female,59,Beauty,2,25,10.25
1562,2023-11-26,10:21:00,5,Male,54,Electronics,2,25,12.75
108,2023-01-24,09:38:00,5,Female,27,Beauty,3,25,13.5
111,2023-04-15,09:45:00,5,Female,34,Electronics,3,500,130
207,2023-08-06,08:34:00,3,Female,42,Beauty,2,25,10.25
724,2023-06-14,06:56:00,3,Male,61,Clothing,3,50,20
836,2023-06-21,06:32:00,2,Female,22,Clothing,1,50,27.5
969,2023-11-27,11:47:00,2,Female,40,Clothing,3,300,84
1108,2023-07-08,10:27:00,1,Female,27,Beauty,3,25,10
1111,2023-04-30,21:34:00,2,Female,34,Electronics,3,500,185
1207,2023-06-30,21:48:00,3,Female,42,Beauty,2,25,10
1724,2023-09-15,20:53:00,4,Male,61,Clothing,3,50,17
1836,2023-02-13,17:19:00,3,Female,22,Clothing,1,50,23.5
1969,2023-03-05,19:34:00,4,Female,40,Clothing,3,300,126
246,2023-12-07,20:05:00,4,Female,48,Electronics,2,25,13.25
298,2023-10-05,19:05:00,3,Male,27,Beauty,4,300,84
374,2023-10-27,17:45:00,4,Female,59,Beauty,3,25,7.75
572,2023-12-13,18:33:00,5,Male,31,Clothing,4,500,185
665,2023-10-03,22:49:00,1,Male,57,Clothing,1,50,19
1246,2023-04-26,22:54:00,3,Female,48,Electronics,2,25,11.5
1298,2023-05-02,19:51:00,1,Male,27,Beauty,4,300,120
1374,2023-03-23,22:03:00,3,Female,59,Beauty,3,25,8.25
1572,2023-06-18,22:20:00,1,Male,31,Clothing,4,500,175
1665,2023-11-01,19:38:00,4,Male,57,Clothing,1,50,14
39,2023-07-11,22:44:00,5,Male,23,Clothing,4,30,8.7
893,2023-04-29,18:52:00,1,Male,49,Electronics,1,50,17
1039,2023-12-03,20:01:00,1,Male,23,Clothing,4,30,13.8
1893,2023-02-25,17:04:00,3,Male,49,Electronics,1,50,22.5
17,2023-02-25,21:08:00,3,Female,27,Clothing,4,25,13
316,2023-02-01,17:25:00,3,Female,48,Clothing,2,25,13.75
755,2023-11-27,20:07:00,1,Female,58,Clothing,3,25,6.75
1017,2023-09-05,18:41:00,2,Female,27,Clothing,4,25,12
1316,2023-07-21,17:11:00,1,Female,48,Clothing,2,25,11.75
1755,2023-05-23,21:47:00,2,Female,58,Clothing,3,25,8
28,2023-12-11,22:34:00,3,Female,43,Beauty,1,500,150
98,2023-04-09,19:41:00,1,Female,55,Beauty,2,50,19.5
129,2023-04-17,17:42:00,1,Female,21,Beauty,2,300,75
230,2023-03-26,17:44:00,5,Male,54,Beauty,1,25,12.5
613,2023-05-08,17:23:00,2,Female,52,Clothing,3,30,11.4
691,2023-05-12,21:09:00,5,Female,51,Clothing,3,30,14.7
693,2023-06-08,17:12:00,1,Male,41,Beauty,3,500,270
1028,2023-03-09,18:09:00,1,Female,43,Beauty,1,500,250
1098,2023-07-06,22:34:00,3,Female,55,Beauty,2,50,19.5
1129,2023-09-08,21:46:00,1,Female,21,Beauty,2,300,156
1230,2023-12-04,21:24:00,1,Male,54,Beauty,1,25,13.25
1613,2023-12-14,21:58:00,4,Female,52,Clothing,3,30,9.9
1691,2023-01-07,20:01:00,1,Female,51,Clothing,3,30,13.5
1693,2023-02-20,18:21:00,1,Male,41,Beauty,3,500,130
477,2023-12-03,17:24:00,3,Male,43,Clothing,4,30,16.2
863,2023-11-12,22:40:00,4,Female,30,Electronics,2,25,11.25
1477,2023-01-08,21:59:00,3,Male,43,Clothing,4,30,15.6
1863,2023-05-26,22:33:00,4,Female,30,Electronics,2,25,10
6,2023-11-15,22:16:00,2,Female,45,Beauty,1,30,15
483,2023-02-06,17:25:00,2,Male,55,Clothing,1,30,8.4
738,2023-02-05,18:24:00,5,Male,41,Clothing,2,50,26
1006,2023-10-29,19:23:00,2,Female,45,Beauty,1,30,14.1
1483,2023-03-05,19:53:00,1,Male,55,Clothing,1,30,8.7
1738,2023-11-12,21:33:00,1,Male,41,Clothing,2,50,16
222,2023-01-07,18:56:00,4,Male,51,Clothing,4,30,10.5
588,2023-10-18,17:54:00,5,Male,38,Electronics,2,30,13.8
953,2023-07-02,17:58:00,1,Male,45,Beauty,3,30,12.6
1222,2023-09-17,18:15:00,3,Male,51,Clothing,4,30,11.1
1588,2023-06-25,21:29:00,4,Male,38,Electronics,2,30,13.2
1953,2023-05-15,17:34:00,3,Male,45,Beauty,3,30,10.2
66,2023-06-18,22:49:00,3,Female,45,Electronics,1,30,9
482,2023-08-12,18:57:00,3,Female,28,Clothing,4,300,141
903,2023-07-27,22:14:00,3,Female,51,Beauty,4,50,14
1066,2023-10-06,18:11:00,4,Female,45,Electronics,1,30,8.4
1482,2023-02-10,22:22:00,1,Female,28,Clothing,4,300,114
1903,2023-07-27,21:44:00,5,Female,51,Beauty,4,50,19
102,2023-04-17,21:34:00,5,Female,47,Beauty,2,25,7.25
228,2023-04-03,20:26:00,4,Female,59,Electronics,2,30,10.8
236,2023-04-01,22:18:00,5,Female,54,Clothing,1,25,6.5
1102,2023-08-21,18:04:00,5,Female,47,Beauty,2,25,6.5
1228,2023-06-24,21:37:00,5,Female,59,Electronics,2,30,11.4
1236,2023-08-09,18:19:00,4,Female,54,Clothing,1,25,8.75
660,2023-07-29,18:46:00,2,Female,38,Beauty,2,500,270
884,2023-02-18,20:31:00,1,Female,26,Clothing,2,30,7.5
987,2023-11-08,18:45:00,1,Female,30,Clothing,3,300,165
1660,2023-09-23,20:27:00,2,Female,38,Beauty,2,500,160
1884,2023-07-09,21:45:00,2,Female,26,Clothing,2,30,11.4
1987,2023-05-26,18:18:00,2,Female,30,Clothing,3,300,129
18,2023-09-06,19:13:00,5,Female,47,Electronics,2,25,12.5
69,2023-11-14,22:44:00,1,Female,56,Beauty,3,25,8.5
995,2023-03-04,22:38:00,4,Female,41,Clothing,1,30,9.9
1018,2023-07-06,19:13:00,4,Female,47,Electronics,2,25,13
1069,2023-10-13,19:05:00,2,Female,56,Beauty,3,25,6.75
1995,2023-12-10,22:18:00,5,Female,41,Clothing,1,30,14.7
337,2023-08-22,17:56:00,1,Male,38,Clothing,1,500,275
585,2023-06-06,21:49:00,3,Female,24,Clothing,1,25,13.75
652,2023-10-31,17:05:00,4,Female,34,Beauty,2,50,20.5
1337,2023-07-21,19:56:00,2,Male,38,Clothing,1,500,225
1585,2023-10-05,20:00:00,2,Female,24,Clothing,1,25,7.25
1652,2023-11-16,20:00:00,2,Female,34,Beauty,2,50,20.5
242,2023-10-01,18:28:00,1,Male,21,Clothing,1,25,8
293,2023-05-27,19:04:00,4,Male,50,Electronics,3,30,9.6
460,2023-05-01,23:00:00,2,Male,40,Beauty,1,50,19
1242,2023-11-27,18:32:00,5,Male,21,Clothing,1,25,11.25
1293,2023-07-01,18:52:00,3,Male,50,Electronics,3,30,14.1
1460,2023-01-25,19:42:00,4,Male,40,Beauty,1,50,22
188,2023-08-31,18:50:00,3,Male,40,Clothing,3,25,8.5
357,2023-05-18,18:57:00,4,Female,40,Electronics,3,25,7.5
646,2023-05-26,21:02:00,3,Male,38,Clothing,3,30,13.5
749,2023-07-26,20:33:00,2,Male,42,Beauty,1,30,8.4
974,2023-12-28,18:39:00,3,Male,47,Beauty,1,30,11.7
1188,2023-06-04,22:43:00,2,Male,40,Clothing,3,25,10.75
1357,2023-03-20,19:14:00,3,Female,40,Electronics,3,25,11.5
1646,2023-01-18,19:43:00,1,Male,38,Clothing,3,30,15.6
1749,2023-05-07,19:55:00,2,Male,42,Beauty,1,30,9
1974,2023-02-19,20:20:00,3,Male,47,Beauty,1,30,12.9
190,2023-01-25,17:56:00,2,Female,60,Beauty,3,30,10.5
849,2023-06-25,19:33:00,5,Male,32,Clothing,2,25,12.5
853,2023-05-14,22:29:00,3,Male,21,Beauty,2,500,155
1190,2023-09-29,21:00:00,4,Female,60,Beauty,3,30,10.8
1849,2023-07-21,22:42:00,1,Male,32,Clothing,2,25,12
1853,2023-05-29,18:39:00,2,Male,21,Beauty,2,500,190
252,2023-05-05,17:37:00,1,Male,54,Electronics,1,300,84
606,2023-06-13,20:19:00,2,Male,22,Electronics,1,50,19.5
779,2023-05-15,19:19:00,3,Female,56,Electronics,2,500,155
824,2023-02-25,19:10:00,3,Male,63,Clothing,4,30,9.3
866,2023-07-06,18:16:00,4,Male,24,Electronics,1,50,22.5
1252,2023-12-30,20:18:00,5,Male,54,Electronics,1,300,117
1606,2023-10-19,19:52:00,2,Male,22,Electronics,1,50,26.5
1779,2023-01-02,19:45:00,3,Female,56,Electronics,2,500,190
1824,2023-01-24,20:19:00,4,Male,63,Clothing,4,30,12.6
1866,2023-08-17,22:38:00,5,Male,24,Electronics,1,50,20
5,2023-09-05,22:10:00,3,Male,30,Beauty,2,50,24
90,2023-09-10,17:53:00,3,Female,51,Electronics,1,30,13.5
380,2023-08-30,22:26:00,2,Male,56,Electronics,2,300,102
593,2023-01-18,22:05:00,2,Male,35,Electronics,2,30,13.2
820,2023-02-17,22:49:00,1,Male,49,Electronics,4,50,24
1005,2023-08-12,20:38:00,2,Male,30,Beauty,2,50,17.5
1090,2023-02-18,19:54:00,4,Female,51,Electronics,1,30,7.5
1380,2023-02-09,19:45:00,3,Male,56,Electronics,2,300,159
1593,2023-02-24,22:39:00,5,Male,35,Electronics,2,30,14.4
1820,2023-05-13,21:31:00,1,Male,49,Electronics,4,50,22
120,2023-03-31,19:35:00,4,Male,60,Beauty,1,50,12.5
221,2023-11-27,21:01:00,3,Male,39,Beauty,2,300,111
341,2023-01-20,17:06:00,5,Male,31,Clothing,4,50,18.5
640,2023-12-25,20:05:00,3,Female,51,Electronics,4,30,12.6
744,2023-05-23,18:02:00,1,Male,40,Electronics,1,25,6.5
1120,2023-03-02,19:32:00,4,Male,60,Beauty,1,50,26.5
1221,2023-09-14,22:57:00,5,Male,39,Beauty,2,300,114
1341,2023-01-30,22:10:00,1,Male,31,Clothing,4,50,21
1640,2023-06-10,19:44:00,5,Female,51,Electronics,4,30,14.1
1744,2023-07-07,21:49:00,4,Male,40,Electronics,1,25,8.75
273,2023-09-26,20:24:00,1,Female,22,Beauty,1,50,14.5
283,2023-06-01,20:08:00,3,Female,18,Electronics,1,500,165
452,2023-01-30,22:41:00,4,Female,48,Clothing,3,500,240
469,2023-03-21,19:24:00,4,Male,18,Beauty,3,25,8.75
620,2023-11-06,20:59:00,4,Male,63,Electronics,3,25,7
946,2023-08-08,20:15:00,2,Male,62,Electronics,4,500,235
1273,2023-06-20,20:39:00,1,Female,22,Beauty,1,50,25.5
1283,2023-10-14,20:15:00,1,Female,18,Electronics,1,500,130
1452,2023-08-06,17:41:00,3,Female,48,Clothing,3,500,185
1469,2023-12-08,17:22:00,3,Male,18,Beauty,3,25,12.5
1620,2023-02-03,22:48:00,5,Male,63,Electronics,3,25,7.75
1946,2023-07-27,20:48:00,5,Male,62,Electronics,4,500,165
148,2023-07-03,20:39:00,5,Male,18,Clothing,2,30,9.9
414,2023-05-10,19:40:00,1,Male,48,Beauty,4,25,9.75
883,2023-08-20,20:43:00,5,Male,40,Electronics,1,500,245
1148,2023-08-11,22:04:00,2,Male,18,Clothing,2,30,10.8
1414,2023-11-22,21:28:00,4,Male,48,Beauty,4,25,11.25
1883,2023-09-20,17:54:00,3,Male,40,Electronics,1,500,200
731,2023-09-30,18:49:00,1,Male,54,Clothing,4,500,165
930,2023-01-12,17:54:00,1,Male,54,Clothing,4,50,26
1731,2023-12-19,17:41:00,3,Male,54,Clothing,4,500,195
1930,2023-12-21,19:58:00,5,Male,54,Clothing,4,50,13
518,2023-07-31,17:01:00,2,Female,40,Clothing,1,30,16.2
1518,2023-05-18,20:03:00,3,Female,40,Clothing,1,30,12.6
758,2023-04-23,18:30:00,1,Male,64,Clothing,4,25,6.75
1758,2023-07-22,18:19:00,3,Male,64,Clothing,4,25,7.5
639,2023-08-01,19:47:00,4,Female,62,Beauty,4,50,26.5
838,2023-09-30,21:20:00,1,Male,47,Electronics,2,300,153
1639,2023-12-20,18:13:00,5,Female,62,Beauty,4,50,24
1838,2023-06-28,17:06:00,4,Male,47,Electronics,2,300,102
353,2023-03-18,21:35:00,5,Male,31,Electronics,1,500,270
501,2023-06-28,20:21:00,2,Male,39,Electronics,2,30,9
721,2023-06-23,17:10:00,5,Female,52,Clothing,1,500,145
1353,2023-09-04,21:59:00,3,Male,31,Electronics,1,500,235
1501,2023-01-31,18:00:00,1,Male,39,Electronics,2,30,13.5
1721,2023-01-21,22:42:00,3,Female,52,Clothing,1,500,215
123,2023-08-11,19:00:00,3,Female,40,Electronics,2,30,11.7
164,2023-02-28,18:26:00,3,Female,47,Beauty,3,500,185
425,2023-06-11,18:28:00,2,Female,55,Electronics,4,30,15.6
1123,2023-12-11,21:04:00,1,Female,40,Electronics,2,30,10.8
1164,2023-04-07,20:53:00,1,Female,47,Beauty,3,500,245
1425,2023-12-02,22:15:00,1,Female,55,Electronics,4,30,10.2
48,2023-10-06,17:34:00,2,Male,54,Electronics,3,300,123
118,2023-03-13,20:07:00,3,Female,30,Electronics,4,500,270
203,2023-03-12,21:33:00,4,Male,56,Clothing,2,500,175
305,2023-03-22,22:09:00,4,Female,18,Beauty,1,30,14.4
358,2023-10-12,18:32:00,4,Female,32,Beauty,1,300,132
376,2023-01-29,18:21:00,4,Female,64,Beauty,1,30,12
398,2023-02-23,21:17:00,5,Female,48,Clothing,2,300,114
411,2023-07-25,20:04:00,3,Male,62,Electronics,4,50,24.5
504,2023-03-31,18:07:00,4,Female,38,Beauty,3,50,22
970,2023-05-25,18:13:00,2,Male,59,Electronics,4,500,220
996,2023-07-03,17:38:00,2,Male,62,Clothing,1,50,13.5
1048,2023-07-12,19:14:00,3,Male,54,Electronics,3,300,93
1118,2023-10-13,17:24:00,1,Female,30,Electronics,4,500,170
1203,2023-11-26,18:36:00,2,Male,56,Clothing,2,500,145
1305,2023-04-05,18:24:00,5,Female,18,Beauty,1,30,7.8
1358,2023-05-04,21:40:00,5,Female,32,Beauty,1,300,156
1376,2023-07-15,19:49:00,3,Female,64,Beauty,1,30,9.9
1398,2023-07-19,17:20:00,1,Female,48,Clothing,2,300,120
1411,2023-11-24,20:27:00,1,Male,62,Electronics,4,50,26
1504,2023-01-25,17:01:00,4,Female,38,Beauty,3,50,25.5
1970,2023-05-22,17:44:00,5,Male,59,Electronics,4,500,230
1996,2023-12-07,18:49:00,2,Male,62,Clothing,1,50,25
81,2023-06-07,22:48:00,4,Male,40,Electronics,1,50,14.5
155,2023-07-18,18:05:00,3,Male,31,Electronics,4,500,150
470,2023-12-26,18:58:00,4,Female,57,Clothing,2,500,165
1081,2023-06-27,22:23:00,5,Male,40,Electronics,1,50,17
1155,2023-12-03,18:22:00,3,Male,31,Electronics,4,500,255
1470,2023-06-26,19:47:00,1,Female,57,Clothing,2,500,165
106,2023-05-17,18:58:00,1,Female,46,Clothing,1,50,15
818,2023-05-29,18:56:00,4,Male,30,Electronics,1,500,265
1106,2023-08-12,17:50:00,3,Female,46,Clothing,1,50,14
1818,2023-09-20,17:29:00,4,Male,30,Electronics,1,500,150
94,2023-03-13,22:39:00,5,Female,47,Beauty,2,500,250
811,2023-04-15,18:34:00,2,Male,61,Beauty,2,25,6.75
881,2023-12-21,20:52:00,4,Male,22,Electronics,1,300,99
1094,2023-06-15,20:34:00,1,Female,47,Beauty,2,500,210
1811,2023-12-09,21:58:00,5,Male,61,Beauty,2,25,8.5
1881,2023-07-11,17:23:00,5,Male,22,Electronics,1,300,147
403,2023-04-22,19:31:00,5,Male,32,Clothing,2,300,78
653,2023-11-25,22:53:00,3,Male,54,Clothing,3,25,9.25
694,2023-06-30,17:47:00,3,Female,39,Electronics,2,25,10
1403,2023-03-25,18:20:00,4,Male,32,Clothing,2,300,162
1653,2023-07-23,19:34:00,2,Male,54,Clothing,3,25,12.75
1694,2023-01-10,19:22:00,4,Female,39,Electronics,2,25,9.75
4,2023-08-27,18:12:00,3,Male,37,Clothing,1,500,200
647,2023-03-01,19:53:00,5,Male,59,Clothing,3,500,190
911,2023-07-15,17:29:00,3,Male,42,Electronics,3,300,84
1004,2023-01-11,21:46:00,2,Male,37,Clothing,1,500,230
1647,2023-05-01,20:26:00,5,Male,59,Clothing,3,500,240
1911,2023-12-13,18:33:00,4,Male,42,Electronics,3,300,75
419,2023-03-31,19:18:00,5,Female,44,Clothing,3,30,11.7
642,2023-05-04,21:40:00,1,Female,54,Clothing,4,25,12
843,2023-01-25,22:46:00,3,Male,21,Beauty,3,500,180
895,2023-08-31,21:51:00,3,Female,55,Clothing,4,30,14.4
1419,2023-02-05,18:42:00,3,Female,44,Clothing,3,30,9.3
1642,2023-12-27,18:30:00,4,Female,54,Clothing,4,25,11.5
1843,2023-09-21,18:58:00,1,Male,21,Beauty,3,500,240
1895,2023-03-27,20:59:00,4,Female,55,Clothing,4,30,15.3
31,2023-12-31,17:47:00,3,Male,44,Electronics,4,300,129
37,2023-05-26,22:42:00,2,Female,18,Beauty,3,25,8.75
72,2023-12-06,19:19:00,5,Female,20,Electronics,4,500,195
243,2023-06-24,18:02:00,5,Female,47,Electronics,3,300,156
281,2023-09-18,20:09:00,4,Female,29,Beauty,4,500,275
489,2023-10-31,22:01:00,1,Male,44,Electronics,1,30,14.4
491,2023-12-30,21:11:00,4,Female,60,Electronics,3,300,78
729,2023-08-26,22:29:00,3,Male,29,Clothing,4,300,84
822,2023-02-16,17:39:00,3,Female,52,Beauty,3,50,13.5
1031,2023-11-12,21:15:00,3,Male,44,Electronics,4,300,126
1037,2023-10-17,17:38:00,2,Female,18,Beauty,3,25,11.5
1072,2023-02-24,18:10:00,4,Female,20,Electronics,4,500,180
1243,2023-12-08,17:11:00,4,Female,47,Electronics,3,300,138
1281,2023-03-14,19:34:00,4,Female,29,Beauty,4,500,165
1489,2023-04-28,18:30:00,2,Male,44,Electronics,1,30,10.5
1491,2023-05-26,22:14:00,107,Female,60,Electronics,3,300,129
1729,2023-11-22,18:55:00,82,Male,29,Clothing,4,300,81
1822,2023-09-09,17:15:00,15,Female,52,Beauty,3,50,21
840,2023-07-01,18:59:00,60,Male,62,Clothing,2,25,11.75
1840,2023-05-12,20:22:00,138,Male,62,Clothing,2,25,11
404,2023-02-13,19:55:00,59,Male,46,Electronics,2,500,160
899,2023-05-22,21:34:00,147,Male,26,Clothing,2,300,153
990,2023-03-29,21:45:00,68,Female,58,Beauty,2,500,235
1404,2023-08-20,18:15:00,155,Male,46,Electronics,2,500,185
1899,2023-05-03,21:03:00,51,Male,26,Clothing,2,300,99
1990,2023-11-22,17:02:00,48,Female,58,Beauty,2,500,155
382,2023-07-14,21:20:00,29,Female,53,Clothing,2,500,245
578,2023-12-05,22:42:00,68,Female,54,Clothing,4,30,9.3
923,2023-06-10,17:20:00,62,Male,32,Beauty,3,300,165
1382,2023-05-20,18:13:00,139,Female,53,Clothing,2,500,185
1578,2023-11-20,18:43:00,66,Female,54,Clothing,4,30,12
1923,2022-04-03,17:38:00,74,Male,32,Beauty,3,300,159
307,2022-11-11,22:54:00,32,Female,26,Electronics,2,25,8.5
561,2022-07-29,17:04:00,34,Female,64,Clothing,4,500,250
651,2023-09-28,21:02:00,30,Male,51,Clothing,3,50,26
1307,2022-01-29,22:11:00,68,Female,26,Electronics,2,25,11.75
1561,2023-09-17,19:38:00,16,Female,64,Clothing,4,500,170
1651,2022-12-04,21:29:00,155,Male,51,Clothing,3,50,23.5
988,2022-08-05,18:41:00,85,Female,63,Clothing,3,25,8
1988,2023-11-30,18:47:00,144,Female,63,Clothing,3,25,7.25
67,2023-08-19,20:19:00,119,Female,48,Beauty,4,300,129
1067,2023-10-03,17:01:00,105,Female,48,Beauty,4,300,129
915,2023-10-11,19:06:00,95,Female,26,Beauty,3,30,12.9
985,2023-06-13,22:33:00,113,Female,19,Electronics,2,25,9
1915,2023-07-10,22:50:00,53,Female,26,Beauty,3,30,9.3
1985,2023-03-31,20:15:00,113,Female,19,Electronics,2,25,9.75
56,2022-12-27,19:37:00,97,Female,26,Clothing,3,300,120
159,2022-11-10,21:30:00,42,Male,26,Clothing,4,50,23.5
862,2022-12-11,21:37:00,29,Male,28,Electronics,4,300,78
1056,2022-04-17,19:46:00,54,Female,26,Clothing,3,300,114
1159,2023-04-02,18:08:00,41,Male,26,Clothing,4,50,18
1862,2022-02-06,22:50:00,64,Male,28,Electronics,4,300,165
315,2023-07-03,18:53:00,122,Male,47,Clothing,2,30,15
545,2023-12-19,17:18:00,61,Male,27,Clothing,2,25,8.25
902,2022-02-14,17:16:00,108,Female,54,Beauty,1,50,21.5
1315,2022-08-31,20:52:00,14,Male,47,Clothing,2,30,12.9
1545,2023-07-15,18:21:00,16,Male,27,Clothing,2,25,8.25
1902,2022-12-21,17:12:00,97,Female,54,Beauty,1,50,14
170,2023-09-21,20:46:00,125,Female,25,Clothing,2,25,12.5
685,2023-07-04,22:15:00,90,Male,57,Electronics,2,25,7.75
958,2022-01-01,21:14:00,116,Male,62,Electronics,2,25,11
1170,2023-01-06,17:13:00,96,Female,25,Clothing,2,25,8
1685,2022-04-20,20:32:00,76,Male,57,Electronics,2,25,8.75
1958,2022-11-27,19:19:00,125,Male,62,Electronics,2,25,11.75
363,2022-05-23,22:51:00,92,Male,64,Beauty,1,25,13.5
394,2022-08-19,19:27:00,105,Female,27,Clothing,1,500,165
537,2023-10-01,18:07:00,98,Female,21,Beauty,1,500,275
1363,2023-07-04,20:27:00,33,Male,64,Beauty,1,25,7.75
1394,2022-04-17,20:06:00,14,Female,27,Clothing,1,500,250
1537,2022-11-29,17:57:00,116,Female,21,Beauty,1,500,140
387,2023-01-26,21:58:00,118,Male,44,Beauty,1,30,9
556,2022-02-05,17:37:00,42,Female,18,Electronics,1,50,12.5
782,2022-04-13,21:51:00,71,Male,59,Clothing,3,300,150
906,2022-07-19,17:55:00,6,Female,20,Clothing,1,50,17
1387,2022-07-26,17:48:00,37,Male,44,Beauty,1,30,15.6
1556,2023-05-17,19:13:00,35,Female,18,Electronics,1,50,22.5
1782,2023-04-07,20:23:00,116,Male,59,Clothing,3,300,141
1906,2022-10-01,20:10:00,58,Female,20,Clothing,1,50,26.5
560,2023-10-23,22:51:00,7,Female,25,Electronics,1,50,19
944,2022-08-23,20:22:00,136,Male,44,Clothing,2,25,12
1560,2022-11-13,17:16:00,91,Female,25,Electronics,1,50,18.5
1944,2023-07-18,21:08:00,63,Male,44,Clothing,2,25,6.5
481,2023-07-13,17:12:00,48,Female,43,Electronics,4,300,114
867,2022-07-24,22:40:00,152,Male,21,Electronics,1,500,185
882,2023-10-22,21:41:00,144,Female,64,Electronics,2,25,13.25
961,2023-03-22,22:36:00,86,Male,53,Beauty,4,50,23
1481,2023-11-09,17:22:00,20,Female,43,Electronics,4,300,114
1867,2023-05-16,19:55:00,144,Male,21,Electronics,1,500,190
1882,2023-06-21,20:56:00,15,Female,64,Electronics,2,25,9
1961,2022-05-15,21:17:00,95,Male,53,Beauty,4,50,20.5
187,2022-02-20,20:19:00,88,Female,64,Clothing,2,50,21
446,2022-11-02,19:57:00,104,Male,21,Electronics,1,50,13
1187,2023-07-07,17:05:00,52,Female,64,Clothing,2,50,12.5
1446,2022-01-23,18:55:00,155,Male,21,Electronics,1,50,23.5
539,2023-11-30,18:13:00,135,Male,25,Beauty,1,500,205
587,2023-09-04,19:00:00,91,Female,40,Beauty,4,300,99
1539,2022-12-06,21:52:00,96,Male,25,Beauty,1,500,170
1587,2022-11-05,20:06:00,140,Female,40,Beauty,4,300,105
212,2023-10-12,18:13:00,105,Male,21,Clothing,3,500,215
765,2022-10-16,19:03:00,77,Male,43,Clothing,4,50,12.5
769,2022-09-09,18:57:00,18,Female,31,Electronics,4,30,10.2
1212,2022-03-16,18:05:00,142,Male,21,Clothing,3,500,265
1765,2022-10-18,22:49:00,13,Male,43,Clothing,4,50,16
1769,2023-10-08,22:50:00,116,Female,31,Electronics,4,30,9.3
321,2023-09-24,19:53:00,30,Female,26,Electronics,2,25,9.5
356,2023-08-27,18:35:00,71,Male,50,Electronics,3,500,255
510,2023-05-29,17:04:00,14,Female,39,Beauty,4,50,13
534,2023-04-27,22:30:00,112,Male,45,Clothing,2,500,140
1321,2023-04-23,22:54:00,155,Female,26,Electronics,2,25,10.5
1356,2023-12-18,21:31:00,11,Male,50,Electronics,3,500,245
1510,2022-11-20,18:21:00,124,Female,39,Beauty,4,50,19
1534,2022-06-13,19:44:00,72,Male,45,Clothing,2,500,270
104,2022-06-09,22:58:00,129,Female,34,Beauty,2,500,190
110,2022-11-18,17:28:00,149,Male,27,Clothing,3,300,99
352,2023-07-28,17:55:00,54,Male,57,Electronics,2,500,175
365,2023-02-23,22:12:00,151,Male,31,Clothing,1,300,93
887,2022-02-24,19:20:00,44,Male,59,Clothing,4,25,10
1104,2022-07-11,20:13:00,70,Female,34,Beauty,2,500,150
1110,2022-10-26,19:14:00,62,Male,27,Clothing,3,300,114
1352,2023-10-19,17:40:00,14,Male,57,Electronics,2,500,260
1365,2023-11-08,20:22:00,18,Male,31,Clothing,1,300,156
1887,2023-12-11,19:34:00,113,Male,59,Clothing,4,25,10
629,2023-01-05,19:55:00,39,Male,62,Electronics,2,25,8
1629,2022-02-17,20:18:00,144,Male,62,Electronics,2,25,10.75
655,2022-10-31,18:43:00,19,Female,55,Clothing,1,500,210
1655,2023-05-28,17:57:00,8,Female,55,Clothing,1,500,125
567,2023-05-08,19:53:00,5,Female,25,Clothing,3,300,144
1567,2023-04-07,17:10:00,76,Female,25,Clothing,3,300,162
182,2023-06-21,19:27:00,27,Male,62,Beauty,4,30,10.2
819,2023-08-15,21:59:00,111,Female,35,Beauty,2,50,26
1182,2023-01-03,21:26:00,14,Male,62,Beauty,4,30,12.9
1819,2022-11-05,20:44:00,83,Female,35,Beauty,2,50,13.5
100,2022-02-08,19:34:00,21,Male,41,Electronics,1,30,9.3
833,2023-05-09,18:39:00,85,Male,42,Beauty,4,50,24.5
1100,2023-01-20,18:15:00,136,Male,41,Electronics,1,30,13.2
1833,2022-01-30,17:20:00,56,Male,42,Beauty,4,50,18
542,2023-06-01,18:41:00,50,Female,20,Beauty,1,50,24
723,2022-07-14,21:57:00,120,Female,54,Beauty,4,50,20.5
726,2022-06-05,19:37:00,72,Male,47,Clothing,4,300,126
1542,2023-05-17,20:30:00,147,Female,20,Beauty,1,50,14.5
1723,2022-02-10,17:43:00,40,Female,54,Beauty,4,50,18
1726,2023-06-26,18:12:00,13,Male,47,Clothing,4,300,93
488,2022-07-05,17:28:00,26,Female,51,Electronics,3,300,123
1488,2022-11-12,19:24:00,9,Female,51,Electronics,3,300,126
239,2022-09-19,19:34:00,1,Male,38,Electronics,3,500,165
498,2022-03-22,22:20:00,41,Female,50,Clothing,4,25,8.25
532,2022-08-15,18:04:00,92,Female,64,Clothing,4,30,12.9
669,2022-01-23,20:24:00,110,Male,24,Beauty,4,300,87
877,2022-10-01,19:52:00,134,Female,58,Clothing,1,25,6.75
1239,2022-07-08,20:42:00,134,Male,38,Electronics,3,500,255
1498,2022-08-29,17:08:00,51,Female,50,Clothing,4,25,12.5
1532,2022-03-23,22:48:00,51,Female,64,Clothing,4,30,15.6
1669,2022-08-04,22:28:00,83,Male,24,Beauty,4,300,123
1877,2023-01-25,20:19:00,72,Female,58,Clothing,1,25,10.5
422,2022-08-21,22:34:00,67,Female,28,Clothing,3,30,13.2
466,2023-01-11,21:52:00,66,Male,63,Electronics,4,25,13.75
1422,2022-05-07,20:41:00,35,Female,28,Clothing,3,30,13.5
1466,2023-01-16,22:27:00,64,Male,63,Electronics,4,25,10.75
583,2022-01-28,19:44:00,131,Female,24,Electronics,4,25,7.75
654,2023-08-14,17:40:00,92,Male,42,Clothing,3,25,9.25
1583,2023-11-12,22:54:00,102,Female,24,Electronics,4,25,13
1654,2023-10-13,20:47:00,111,Male,42,Clothing,3,25,6.25
40,2022-06-07,21:33:00,78,Male,45,Beauty,1,50,24.5
699,2022-11-21,22:21:00,129,Female,37,Clothing,4,30,16.2
727,2023-11-15,18:37:00,32,Male,55,Beauty,3,300,105
830,2022-09-29,20:19:00,77,Female,64,Clothing,3,50,18.5
1040,2023-12-12,21:24:00,112,Male,45,Beauty,1,50,21
1699,2023-07-29,21:45:00,23,Female,37,Clothing,4,30,12.9
1727,2023-08-08,21:06:00,72,Male,55,Beauty,3,300,75
1830,2023-03-04,18:04:00,87,Female,64,Clothing,3,50,21
224,2022-11-11,21:32:00,99,Female,25,Clothing,1,50,24
271,2023-09-12,18:23:00,44,Female,62,Beauty,4,30,9.3
1224,2022-01-20,17:10:00,103,Female,25,Clothing,1,50,20
1271,2022-01-19,19:31:00,27,Female,62,Beauty,4,30,9
36,2023-02-22,22:06:00,40,Male,52,Beauty,3,300,144
157,2022-05-15,21:59:00,98,Male,62,Electronics,4,500,170
796,2022-10-01,19:50:00,38,Male,43,Beauty,4,30,7.8
839,2023-11-11,21:02:00,130,Female,20,Electronics,4,300,96
927,2022-02-21,17:13:00,83,Male,43,Electronics,4,500,250
1036,2022-08-17,18:03:00,121,Male,52,Beauty,3,300,117
1157,2022-12-23,21:24:00,81,Male,62,Electronics,4,500,270
1796,2023-11-12,18:36:00,69,Male,43,Beauty,4,30,11.1
1839,2022-08-28,21:57:00,92,Female,20,Electronics,4,300,156
1927,2023-09-06,19:44:00,46,Male,43,Electronics,4,500,180
407,2022-07-16,22:17:00,117,Female,46,Electronics,3,300,138
1407,2022-04-10,19:41:00,54,Female,46,Electronics,3,300,120
46,2022-11-08,17:50:00,54,Female,20,Electronics,4,300,84
509,2023-07-10,19:35:00,70,Female,37,Electronics,3,300,141
874,2022-01-17,18:14:00,90,Male,60,Beauty,1,30,12.6
1046,2023-07-21,21:47:00,5,Female,20,Electronics,4,300,156
1509,2022-11-25,20:40:00,67,Female,37,Electronics,3,300,129
1874,2022-05-14,20:58:00,126,Male,60,Beauty,1,30,12.6
788,2022-06-20,18:54:00,90,Female,52,Beauty,3,300,105
1788,2022-05-03,20:35:00,98,Female,52,Beauty,3,300,150
378,2022-11-03,18:16:00,81,Male,50,Beauty,1,300,165
1378,2022-04-28,21:56:00,27,Male,50,Beauty,1,300,132
480,2022-12-22,22:12:00,126,Female,42,Beauty,4,500,225
492,2023-12-16,17:52:00,4,Male,61,Beauty,4,25,6.5
737,2023-03-23,21:11:00,26,Female,33,Clothing,1,50,14
1480,2023-11-26,18:05:00,3,Female,42,Beauty,4,500,165
1492,2023-08-26,22:09:00,146,Male,61,Beauty,4,25,10
1737,2022-11-14,22:32:00,40,Female,33,Clothing,1,50,14
684,2023-06-20,18:02:00,54,Female,28,Clothing,2,500,225
878,2023-10-26,18:53:00,31,Female,20,Clothing,1,30,11.7
1684,2023-01-23,21:40:00,43,Female,28,Clothing,2,500,200
1878,2023-01-24,22:56:00,97,Female,20,Clothing,1,30,7.5
78,2023-02-17,21:08:00,68,Female,47,Clothing,3,500,265
260,2023-01-19,21:09:00,107,Male,28,Beauty,2,30,10.5
455,2023-11-21,19:15:00,134,Male,31,Electronics,4,25,13.25
837,2023-01-15,20:35:00,53,Male,18,Beauty,3,30,7.5
1078,2023-05-04,22:20:00,16,Female,47,Clothing,3,500,125
1260,2023-07-19,17:26:00,117,Male,28,Beauty,2,30,13.5
1455,2022-08-27,21:35:00,32,Male,31,Electronics,4,25,13.75
1837,2023-03-29,20:45:00,32,Male,18,Beauty,3,30,8.1
45,2022-03-20,18:27:00,121,Female,55,Electronics,1,30,10.5
449,2022-01-03,18:28:00,58,Male,25,Electronics,4,50,26.5
1045,2022-02-26,17:28:00,110,Female,55,Electronics,1,30,9.9
1449,2022-04-26,18:42:00,12,Male,25,Electronics,4,50,23.5
904,2022-04-01,20:26:00,43,Male,28,Clothing,1,500,160
1904,2022-11-25,19:41:00,117,Male,28,Clothing,1,500,220
59,2022-11-14,18:28:00,61,Male,62,Clothing,1,50,27
128,2022-12-21,22:22:00,77,Male,25,Beauty,1,500,180
186,2022-03-31,18:15:00,92,Male,20,Clothing,4,50,23.5
802,2023-09-22,18:00:00,57,Female,46,Beauty,1,30,9.9
1059,2022-07-12,22:05:00,89,Male,62,Clothing,1,50,12.5
1128,2022-01-04,17:35:00,60,Male,25,Beauty,1,500,135
1186,2023-09-10,18:24:00,5,Male,20,Clothing,4,50,18.5
1802,2022-07-13,22:17:00,33,Female,46,Beauty,1,30,9.6
75,2023-05-15,20:51:00,110,Male,61,Beauty,4,50,13.5
447,2023-04-18,17:57:00,37,Male,22,Beauty,4,500,245
528,2023-12-11,21:51:00,102,Female,36,Clothing,2,30,9.6
1075,2022-09-14,19:17:00,92,Male,61,Beauty,4,50,21.5
1447,2022-05-30,22:21:00,137,Male,22,Beauty,4,500,155
1528,2023-07-06,19:44:00,126,Female,36,Clothing,2,30,12.3
759,2023-05-23,21:21:00,75,Male,49,Electronics,2,50,21.5
870,2022-04-11,19:41:00,16,Female,46,Electronics,4,30,11.1
1759,2022-11-03,17:27:00,102,Male,49,Electronics,2,50,23
1870,2023-11-09,20:38:00,119,Female,46,Electronics,4,30,10.5
77,2022-04-07,20:45:00,44,Female,47,Clothing,2,50,24
381,2022-01-30,19:05:00,63,Female,44,Clothing,4,25,12.25
439,2022-05-06,21:46:00,42,Male,50,Clothing,3,25,11.75
792,2023-01-04,22:50:00,4,Female,20,Beauty,1,50,26.5
1077,2022-12-16,18:45:00,141,Female,47,Clothing,2,50,15
1381,2022-10-26,17:26:00,48,Female,44,Clothing,4,25,7.75
1439,2023-11-18,20:53:00,76,Male,50,Clothing,3,25,7.25
1792,2023-08-26,17:37:00,88,Female,20,Beauty,1,50,26.5
176,2023-05-26,18:15:00,53,Female,43,Beauty,2,50,25.5
216,2022-11-04,17:28:00,141,Male,62,Electronics,2,50,26.5
1176,2023-01-04,20:33:00,34,Female,43,Beauty,2,50,21
1216,2023-03-01,22:53:00,23,Male,62,Electronics,2,50,13
772,2023-04-14,21:47:00,25,Male,26,Electronics,1,30,16.2
1772,2022-02-03,19:06:00,59,Male,26,Electronics,1,30,13.2
53,2022-01-06,17:57:00,32,Male,34,Electronics,2,50,22
1053,2023-02-10,21:13:00,40,Male,34,Electronics,2,50,20.5
43,2023-03-18,21:42:00,118,Female,48,Clothing,1,300,111
71,2023-02-16,19:11:00,32,Female,51,Beauty,4,25,11.5
93,2022-01-25,20:52:00,148,Female,35,Beauty,4,500,140
302,2023-02-09,17:51:00,26,Male,57,Beauty,2,300,135
551,2023-03-21,22:45:00,99,Male,45,Electronics,3,300,141
681,2023-08-04,22:12:00,24,Female,43,Electronics,2,30,8.4
722,2023-02-24,18:35:00,25,Male,20,Beauty,3,300,162
728,2022-06-02,19:35:00,78,Male,51,Electronics,3,50,18
829,2022-03-24,21:31:00,52,Male,61,Beauty,3,30,9.6
955,2022-01-16,17:57:00,16,Male,58,Clothing,1,25,12.5
1043,2023-11-30,18:10:00,20,Female,48,Clothing,1,300,87
1071,2023-09-21,17:38:00,155,Female,51,Beauty,4,25,6.75
1093,2023-11-06,17:26:00,87,Female,35,Beauty,4,500,270
1302,2022-12-21,17:55:00,20,Male,57,Beauty,2,300,102
1551,2023-11-12,22:36:00,84,Male,45,Electronics,3,300,81
1681,2022-11-09,19:32:00,53,Female,43,Electronics,2,30,11.1
1722,2022-01-30,20:38:00,22,Male,20,Beauty,3,300,159
1728,2023-05-23,22:30:00,77,Male,51,Electronics,3,50,25
1829,2022-05-30,22:37:00,58,Male,61,Beauty,3,30,12
1955,2022-09-15,21:11:00,134,Male,58,Clothing,1,25,6.5
144,2022-03-26,22:18:00,119,Female,59,Beauty,3,500,255
474,2022-05-08,17:57:00,145,Female,26,Clothing,3,500,210
1144,2022-12-30,21:27:00,148,Female,59,Beauty,3,500,125
1474,2022-05-15,20:49:00,84,Female,26,Clothing,3,500,255
603,2022-04-18,20:17:00,95,Female,40,Clothing,3,30,14.1
661,2022-08-05,22:09:00,10,Female,44,Clothing,4,25,7
1603,2023-12-04,20:50:00,132,Female,40,Clothing,3,30,13.2
1661,2023-07-07,19:18:00,20,Female,44,Clothing,4,25,6.25
143,2023-02-11,22:20:00,118,Female,45,Clothing,1,50,27.5
515,2022-02-13,20:47:00,71,Female,49,Clothing,3,300,75
1143,2023-05-01,21:10:00,23,Female,45,Clothing,1,50,15
1515,2023-02-04,21:49:00,107,Female,49,Clothing,3,300,135
304,2023-03-23,18:35:00,59,Female,37,Electronics,2,30,15.6
676,2023-07-10,22:13:00,80,Male,63,Electronics,3,500,205
686,2022-01-06,17:14:00,68,Female,28,Electronics,4,50,23.5
698,2022-03-17,20:56:00,116,Female,64,Electronics,1,300,123
1304,2022-09-26,22:19:00,4,Female,37,Electronics,2,30,9.3
1676,2023-09-21,20:22:00,91,Male,63,Electronics,3,500,210
1686,2023-12-10,20:41:00,151,Female,28,Electronics,4,50,26
1698,2022-04-07,21:50:00,146,Female,64,Electronics,1,300,105
709,2022-09-22,22:32:00,61,Female,19,Electronics,2,500,140
1709,2023-09-13,20:22:00,97,Female,19,Electronics,2,500,185
114,2022-04-17,20:57:00,92,Female,22,Beauty,4,25,9.25
359,2022-12-15,21:49:00,122,Male,50,Clothing,1,50,22.5
1114,2022-08-18,22:19:00,100,Female,22,Beauty,4,25,12
1359,2022-05-17,22:21:00,55,Male,50,Clothing,1,50,19
773,2023-01-14,19:10:00,3,Male,25,Electronics,4,500,175
1773,2023-12-12,18:50:00,80,Male,25,Electronics,4,500,165
127,2023-05-20,19:37:00,40,Female,33,Clothing,2,25,7.5
213,2023-08-13,20:48:00,113,Male,27,Beauty,3,500,275
487,2023-04-09,21:03:00,36,Male,44,Clothing,4,500,235
495,2022-06-24,21:06:00,131,Male,24,Beauty,2,30,11.7
605,2023-10-19,22:24:00,76,Male,37,Electronics,2,500,180
1127,2022-03-15,19:26:00,87,Female,33,Clothing,2,25,13
1213,2023-06-21,17:23:00,41,Male,27,Beauty,3,500,185
1487,2023-02-01,19:01:00,131,Male,44,Clothing,4,500,140
1495,2023-03-14,22:37:00,113,Male,24,Beauty,2,30,16.2
1605,2022-01-24,19:39:00,2,Male,37,Electronics,2,500,165
105,2023-06-18,18:05:00,82,Female,22,Electronics,1,500,230
299,2023-01-25,20:03:00,76,Male,61,Electronics,2,500,230
934,2022-11-22,18:20:00,111,Male,30,Beauty,1,500,240
1105,2022-11-12,19:09:00,19,Female,22,Electronics,1,500,270
1299,2022-05-08,18:58:00,11,Male,61,Electronics,2,500,250
1934,2022-09-08,17:06:00,69,Male,30,Beauty,1,500,150
270,2022-12-17,17:46:00,84,Male,43,Electronics,1,300,117
338,2022-02-05,21:26:00,44,Male,54,Beauty,2,50,20
543,2022-04-16,20:30:00,121,Male,49,Beauty,2,300,75
1270,2022-08-25,22:54:00,84,Male,43,Electronics,1,300,108
1338,2022-01-25,19:55:00,31,Male,54,Beauty,2,50,19
1543,2022-10-03,22:40:00,73,Male,49,Beauty,2,300,123
557,2023-09-27,20:01:00,155,Female,20,Beauty,3,30,12.9
702,2023-03-03,17:18:00,66,Female,60,Clothing,2,300,78
864,2023-07-31,22:16:00,139,Female,51,Electronics,1,500,215
1557,2022-08-04,17:01:00,14,Female,20,Beauty,3,30,10.2
1702,2023-07-31,21:54:00,102,Female,60,Clothing,2,300,87
1864,2023-04-30,21:00:00,112,Female,51,Electronics,1,500,190
254,2022-12-14,22:45:00,104,Male,41,Electronics,1,500,165
295,2022-02-01,20:23:00,80,Female,27,Beauty,3,300,105
457,2022-11-28,22:49:00,38,Female,58,Beauty,3,300,147
668,2022-06-17,20:33:00,135,Female,62,Electronics,3,50,24.5
850,2023-09-14,19:01:00,58,Female,26,Beauty,2,500,235
1254,2023-04-12,18:24:00,86,Male,41,Electronics,1,500,180
1295,2023-11-04,19:28:00,86,Female,27,Beauty,3,300,81
1457,2023-03-25,21:31:00,140,Female,58,Beauty,3,300,108
1668,2023-03-13,21:40:00,132,Female,62,Electronics,3,50,14
1850,2022-02-16,20:44:00,154,Female,26,Beauty,2,500,240
541,2022-12-25,18:37:00,39,Male,56,Beauty,1,500,215
980,2022-10-14,19:51:00,147,Female,31,Electronics,3,25,12.5
1541,2023-10-02,22:17:00,57,Male,56,Beauty,1,500,195
1980,2023-08-23,20:30:00,112,Female,31,Electronics,3,25,6.5
262,2023-09-15,20:33:00,30,Female,32,Beauty,4,30,12.6
467,2022-01-24,22:39:00,151,Female,53,Electronics,3,50,14.5
1262,2022-08-13,20:33:00,127,Female,32,Beauty,4,30,8.4
1467,2023-08-13,19:31:00,89,Female,53,Electronics,3,50,14
463,2023-01-29,20:22:00,55,Female,54,Beauty,3,500,175
1463,2022-07-29,19:45:00,98,Female,54,Beauty,3,500,170
598,2022-06-23,17:02:00,7,Male,37,Beauty,4,30,11.1
667,2022-12-01,18:46:00,22,Female,29,Electronics,1,500,190
672,2022-02-17,19:44:00,1,Female,34,Beauty,2,50,27.5
1598,2023-01-15,19:17:00,126,Male,37,Beauty,4,30,9.9
1667,2022-07-04,19:09:00,40,Female,29,Electronics,1,500,125
1672,2023-03-28,22:34:00,87,Female,34,Beauty,2,50,15.5
949,2023-06-20,20:28:00,21,Female,41,Electronics,2,25,9
1949,2022-11-11,20:24:00,105,Female,41,Electronics,2,25,12.5
27,2023-12-14,19:44:00,39,Female,38,Beauty,2,25,8.25
347,2022-03-26,19:31:00,26,Male,42,Electronics,1,25,7
687,2022-06-27,17:14:00,86,Female,53,Electronics,1,300,150
1027,2022-04-30,21:00:00,131,Female,38,Beauty,2,25,7.5
1347,2023-11-21,21:55:00,7,Male,42,Electronics,1,25,13
1687,2023-02-17,22:27:00,102,Female,53,Electronics,1,300,81
549,2022-11-03,19:39:00,114,Female,50,Beauty,2,50,12.5
675,2023-07-19,18:10:00,26,Female,45,Clothing,2,30,15.9
730,2022-02-20,19:38:00,131,Female,36,Clothing,2,25,13.25
798,2023-01-20,21:19:00,73,Male,61,Clothing,1,50,15
1549,2023-11-15,19:25:00,109,Female,50,Beauty,2,50,14.5
1675,2022-05-17,19:55:00,152,Female,45,Clothing,2,30,16.2
1730,2023-08-14,19:17:00,116,Female,36,Clothing,2,25,10.75
1798,2023-07-18,20:26:00,96,Male,61,Clothing,1,50,20
13,2023-02-08,17:43:00,106,Male,22,Electronics,3,500,245
35,2022-10-29,17:30:00,122,Female,58,Beauty,3,300,126
140,2022-07-07,20:20:00,61,Male,38,Electronics,1,30,14.4
206,2022-09-02,18:18:00,31,Male,61,Clothing,1,25,11.75
261,2022-02-06,17:48:00,16,Male,21,Clothing,2,25,8.25
279,2023-08-10,17:29:00,38,Male,50,Clothing,1,500,210
308,2022-03-31,19:12:00,130,Female,34,Beauty,4,300,126
418,2022-04-01,18:05:00,95,Female,60,Electronics,2,500,155
1013,2022-07-16,19:38:00,111,Male,22,Electronics,3,500,200
1035,2023-04-26,21:56:00,52,Female,58,Beauty,3,300,105
1140,2022-05-22,19:26:00,154,Male,38,Electronics,1,30,15.9
1206,2023-05-14,19:45:00,68,Male,61,Clothing,1,25,8.5
1261,2022-09-27,21:19:00,116,Male,21,Clothing,2,25,6.25
1279,2022-04-21,22:55:00,116,Male,50,Clothing,1,500,170
1308,2023-06-19,22:39:00,91,Female,34,Beauty,4,300,150
1418,2022-09-17,18:19:00,68,Female,60,Electronics,2,500,215
612,2022-02-23,19:06:00,77,Female,61,Electronics,1,500,235
875,2023-11-30,21:47:00,134,Female,51,Electronics,4,500,135
1612,2022-12-18,21:14:00,140,Female,61,Electronics,1,500,230
1875,2022-06-03,22:42:00,141,Female,51,Electronics,4,500,165
430,2023-05-23,18:36:00,100,Female,43,Electronics,3,300,153
633,2023-07-06,22:20:00,35,Male,39,Beauty,4,30,12.3
1430,2023-10-31,18:25:00,22,Female,43,Electronics,3,300,132
1633,2022-12-31,18:18:00,152,Male,39,Beauty,4,30,11.4
125,2022-09-28,18:48:00,137,Male,48,Clothing,2,50,19
716,2023-08-13,19:51:00,137,Female,60,Clothing,4,300,108
790,2023-04-13,20:47:00,29,Male,62,Clothing,1,25,9.25
960,2023-03-29,19:01:00,134,Male,59,Clothing,2,30,14.4
1125,2023-11-12,17:51:00,79,Male,48,Clothing,2,50,21.5
1716,2022-02-12,19:16:00,39,Female,60,Clothing,4,300,87
1790,2023-05-14,20:52:00,147,Male,62,Clothing,1,25,7.5
1960,2022-06-29,22:04:00,67,Male,59,Clothing,2,30,13.2
259,2023-03-11,20:26:00,93,Female,45,Clothing,4,50,22.5
443,2023-09-19,20:25:00,98,Male,29,Clothing,2,300,114
529,2022-11-29,17:43:00,46,Female,35,Clothing,3,50,20.5
563,2022-12-21,18:40:00,150,Male,20,Clothing,2,30,16.2
1259,2022-11-03,17:31:00,105,Female,45,Clothing,4,50,21
1443,2022-06-18,19:37:00,81,Male,29,Clothing,2,300,147
1529,2022-09-17,22:38:00,105,Female,35,Clothing,3,50,17
1563,2022-10-13,17:44:00,22,Male,20,Clothing,2,30,15.3
801,2022-12-01,17:14:00,153,Male,21,Clothing,4,50,19
1801,2022-07-10,22:01:00,148,Male,21,Clothing,4,50,13.5
160,2022-07-20,17:08:00,127,Female,43,Clothing,2,50,26.5
508,2023-07-05,22:52:00,32,Male,58,Beauty,2,300,123
807,2023-01-26,19:49:00,91,Female,50,Electronics,4,50,15.5
1160,2023-08-20,19:20:00,105,Female,43,Clothing,2,50,14
1508,2022-04-08,20:32:00,90,Male,58,Beauty,2,300,81
1807,2022-08-04,22:15:00,19,Female,50,Electronics,4,50,22
511,2023-12-23,18:19:00,146,Male,45,Beauty,2,50,24.5
521,2023-10-28,19:56:00,133,Female,47,Clothing,4,30,8.7
695,2022-04-03,22:12:00,52,Female,22,Electronics,3,50,21
816,2023-09-27,19:29:00,133,Male,47,Beauty,2,500,240
1511,2022-04-09,21:36:00,45,Male,45,Beauty,2,50,13.5
1521,2023-07-23,19:08:00,30,Female,47,Clothing,4,30,12.9
1695,2023-09-21,20:51:00,85,Female,22,Electronics,3,50,23
1816,2022-06-17,22:30:00,52,Male,47,Beauty,2,500,245
217,2022-05-02,17:01:00,17,Female,35,Electronics,4,50,26.5
384,2022-04-10,19:53:00,127,Male,55,Clothing,1,500,145
1217,2023-10-16,19:28:00,70,Female,35,Electronics,4,50,18
1384,2023-12-17,20:23:00,106,Male,55,Clothing,1,500,260
648,2023-02-23,18:13:00,41,Male,53,Beauty,4,300,138
926,2023-10-06,22:53:00,53,Male,22,Electronics,1,30,15.6
1648,2023-07-10,17:18:00,16,Male,53,Beauty,4,300,87
1926,2023-08-07,20:22:00,74,Male,22,Electronics,1,30,9.6
285,2023-12-01,18:14:00,107,Female,31,Electronics,1,25,13.5
427,2023-11-16,21:26:00,120,Male,25,Electronics,1,25,11.75
569,2022-04-29,20:49:00,132,Male,52,Electronics,4,50,19
570,2022-06-09,22:53:00,91,Male,49,Clothing,1,500,185
630,2023-03-21,17:29:00,94,Male,42,Clothing,2,50,25.5
957,2023-06-19,19:00:00,105,Female,60,Electronics,4,30,9.3
1285,2023-06-01,21:55:00,130,Female,31,Electronics,1,25,12.25
1427,2023-07-15,18:36:00,92,Male,25,Electronics,1,25,11.5
1569,2023-11-30,21:07:00,35,Male,52,Electronics,4,50,18
1570,2023-06-15,22:32:00,109,Male,49,Clothing,1,500,170
1630,2022-05-22,17:22:00,95,Male,42,Clothing,2,50,16
1957,2022-10-25,19:00:00,75,Female,60,Electronics,4,30,14.7
635,2022-12-04,21:03:00,89,Female,63,Electronics,3,300,129
1635,2023-04-17,18:08:00,36,Female,63,Electronics,3,300,159
29,2022-03-08,20:10:00,31,Female,42,Electronics,1,30,13.5
277,2023-07-03,22:10:00,139,Male,36,Clothing,4,25,12.25
859,2022-09-20,21:52:00,46,Female,56,Electronics,3,500,190
1029,2023-07-18,19:23:00,117,Female,42,Electronics,1,30,12.3
1277,2023-10-17,21:20:00,80,Male,36,Clothing,4,25,12.75
1859,2022-09-14,20:58:00,32,Female,56,Electronics,3,500,205
638,2023-01-10,19:52:00,154,Male,46,Electronics,1,500,190
823,2023-12-03,17:42:00,66,Female,56,Electronics,2,50,25
956,2023-04-24,21:50:00,140,Male,30,Clothing,3,500,135
981,2022-02-05,21:08:00,5,Female,30,Electronics,2,30,12.9
1638,2022-08-13,18:26:00,37,Male,46,Electronics,1,500,155
1823,2022-11-08,22:28:00,58,Female,56,Electronics,2,50,26.5
1956,2023-06-01,20:40:00,62,Male,30,Clothing,3,500,170
1981,2022-06-05,22:50:00,19,Female,30,Electronics,2,30,11.7
219,2023-09-16,22:34:00,79,Female,53,Electronics,3,30,10.2
1219,2022-11-02,21:47:00,149,Female,53,Electronics,3,30,11.1
73,2022-01-14,21:47:00,42,Male,29,Electronics,3,30,9
162,2023-04-11,19:37:00,118,Male,39,Clothing,2,30,9
306,2022-01-04,22:05:00,148,Male,54,Electronics,1,50,26.5
725,2023-09-21,20:32:00,2,Male,61,Electronics,1,300,153
880,2023-09-26,20:13:00,63,Male,22,Beauty,2,500,175
992,2023-10-15,19:34:00,134,Female,57,Electronics,2,30,7.8
1073,2022-02-21,18:16:00,82,Male,29,Electronics,3,30,15.3
1162,2022-07-13,17:08:00,101,Male,39,Clothing,2,30,12.6
1306,2023-11-11,20:57:00,122,Male,54,Electronics,1,50,18.5
1725,2022-05-16,21:02:00,109,Male,61,Electronics,1,300,105
1880,2023-06-14,20:03:00,37,Male,22,Beauty,2,500,175
1992,2023-05-19,21:35:00,70,Female,57,Electronics,2,30,8.7
597,2022-11-01,19:29:00,84,Male,22,Beauty,4,300,111
622,2022-10-16,22:00:00,155,Female,49,Beauty,3,25,6.25
1597,2023-08-28,18:21:00,32,Male,22,Beauty,4,300,78
1622,2023-04-22,21:28:00,54,Female,49,Beauty,3,25,11.75
116,2023-06-22,20:04:00,58,Female,23,Clothing,1,30,15
364,2022-06-07,19:06:00,98,Female,19,Beauty,1,500,200
368,2023-01-31,21:11:00,90,Female,56,Clothing,4,300,132
1116,2022-08-15,22:26:00,145,Female,23,Clothing,1,30,12.3
1364,2023-09-23,17:04:00,72,Female,19,Beauty,1,500,250
1368,2022-03-08,21:29:00,145,Female,56,Clothing,4,300,132
50,2022-03-29,18:51:00,71,Female,27,Beauty,3,25,10.5
479,2022-11-03,21:35:00,90,Male,52,Electronics,4,300,105
804,2023-12-11,17:12:00,99,Male,42,Electronics,1,30,10.8
1050,2022-12-10,20:15:00,24,Female,27,Beauty,3,25,11.25
1479,2022-05-31,22:24:00,108,Male,52,Electronics,4,300,162
1804,2023-01-10,22:46:00,74,Male,42,Electronics,1,30,14.7
92,2022-03-21,19:41:00,10,Female,51,Electronics,4,30,8.7
282,2023-10-05,17:39:00,10,Female,64,Electronics,4,50,56
718,2023-11-02,20:25:00,154,Female,59,Beauty,3,25,25
1092,2022-05-03,20:15:00,58,Female,51,Electronics,4,30,31.5
1282,2023-02-20,20:05:00,23,Female,64,Electronics,4,50,48.5
1718,2023-10-25,19:03:00,20,Female,59,Beauty,3,25,25.5
617,2022-08-06,19:12:00,30,Male,34,Electronics,1,30,28.5
624,2022-02-05,19:08:00,48,Female,34,Beauty,3,300,342
825,2022-01-08,17:27:00,51,Female,46,Beauty,1,25,27.25
1617,2022-05-01,17:09:00,77,Male,34,Electronics,1,30,35.1
1624,2022-11-18,20:48:00,121,Female,34,Beauty,3,300,363
1825,2023-08-30,18:34:00,105,Female,46,Beauty,1,25,27
568,2023-08-11,20:03:00,32,Female,51,Electronics,1,300,372
671,2023-09-23,19:51:00,2,Male,62,Electronics,3,50,61.5
756,2023-07-17,20:33:00,4,Female,62,Electronics,4,300,333
815,2023-04-05,21:15:00,139,Female,51,Clothing,3,25,23.75
1568,2022-10-09,22:34:00,51,Female,51,Electronics,1,300,336
1671,2023-02-28,20:55:00,47,Male,62,Electronics,3,50,62.5
1756,2022-05-12,22:16:00,119,Female,62,Electronics,4,300,297
1815,2023-05-24,22:19:00,6,Female,51,Clothing,3,25,30.5
146,2022-11-10,22:01:00,74,Male,38,Clothing,4,50,49
263,2022-05-04,21:48:00,133,Male,23,Beauty,2,30,34.8
704,2023-09-11,22:40:00,141,Female,62,Clothing,3,30,34.8
1146,2023-10-09,21:11:00,52,Male,38,Clothing,4,50,60
1263,2022-09-07,20:49:00,47,Male,23,Beauty,2,30,35.4
1704,2022-09-16,20:07:00,155,Female,62,Clothing,3,30,30.3
476,2023-12-12,18:31:00,131,Female,27,Clothing,4,500,570
733,2022-10-25,21:07:00,143,Male,34,Beauty,1,30,28.5
924,2022-09-17,22:18:00,151,Male,55,Beauty,2,50,55
984,2023-11-20,19:29:00,83,Male,56,Clothing,1,500,480
1476,2022-11-11,22:27:00,130,Female,27,Clothing,4,500,555
1733,2023-09-03,20:52:00,146,Male,34,Beauty,1,30,36.6
1924,2022-11-28,22:25:00,107,Male,55,Beauty,2,50,54.5
1984,2023-09-09,20:10:00,126,Male,56,Clothing,1,500,530
251,2022-09-15,21:00:00,141,Female,57,Beauty,4,50,62.5
253,2022-09-30,21:26:00,66,Female,53,Clothing,4,500,525
574,2023-09-17,20:12:00,24,Female,63,Electronics,2,25,24.75
751,2023-11-08,19:58:00,115,Female,42,Clothing,2,25,24.75
871,2023-11-02,23:00:00,57,Male,62,Beauty,2,30,33.9
1251,2022-09-11,21:08:00,137,Female,57,Beauty,4,50,57.5
1253,2023-12-03,19:58:00,108,Female,53,Clothing,4,500,605
1574,2022-10-26,21:51:00,150,Female,63,Electronics,2,25,24.75
1751,2023-12-27,22:09:00,99,Female,42,Clothing,2,25,30.25
1871,2022-09-26,18:39:00,41,Male,62,Beauty,2,30,30.6
200,2022-10-09,22:29:00,130,Male,27,Beauty,3,50,60
594,2023-09-07,21:49:00,72,Female,19,Electronics,2,300,291
637,2022-12-02,18:54:00,21,Male,43,Clothing,2,300,321
855,2022-11-21,19:43:00,13,Male,54,Beauty,1,25,25.75
1200,2023-10-18,19:04:00,20,Male,27,Beauty,3,50,54.5
1594,2023-10-01,19:02:00,31,Female,19,Electronics,2,300,345
1637,2022-10-25,20:50:00,97,Male,43,Clothing,2,300,297
1855,2023-12-27,21:15:00,44,Male,54,Beauty,1,25,31.25
325,2023-09-16,22:02:00,6,Female,52,Electronics,2,25,31.25
682,2023-10-23,20:51:00,60,Male,46,Beauty,4,300,354
931,2023-10-07,21:34:00,48,Male,30,Beauty,4,30,29.1
1325,2022-10-11,19:47:00,18,Female,52,Electronics,2,25,26.75
1682,2022-12-30,19:30:00,71,Male,46,Beauty,4,300,315
1931,2022-12-01,19:15:00,61,Male,30,Beauty,4,30,34.2
925,2022-12-20,17:12:00,54,Male,25,Electronics,1,300,315
1925,2023-12-21,17:05:00,81,Male,25,Electronics,1,300,366
297,2022-09-12,21:09:00,70,Female,40,Electronics,2,500,595
1297,2023-10-20,22:32:00,21,Female,40,Electronics,2,500,535
814,2022-10-01,20:33:00,96,Female,59,Clothing,1,500,540
894,2022-09-22,22:53:00,111,Male,52,Electronics,1,30,30.6
1814,2022-09-07,17:53:00,43,Female,59,Clothing,1,500,620
1894,2023-12-29,18:11:00,92,Male,52,Electronics,1,30,30
194,2023-10-11,19:27:00,116,Male,55,Clothing,4,50,51.5
245,2023-12-01,21:41:00,75,Male,47,Clothing,3,30,36
296,2022-12-31,22:44:00,73,Female,22,Clothing,4,300,369
644,2022-10-13,21:49:00,107,Male,23,Beauty,3,25,29
696,2023-10-09,18:05:00,24,Female,50,Clothing,4,50,48.5
1194,2023-10-09,22:06:00,130,Male,55,Clothing,4,50,61.5
1245,2022-10-25,20:47:00,129,Male,47,Clothing,3,30,36
1296,2022-11-26,20:42:00,45,Female,22,Clothing,4,300,342
1644,2022-09-11,19:32:00,124,Male,23,Beauty,3,25,28.75
1696,2022-11-21,17:59:00,24,Female,50,Clothing,4,50,55
312,2022-10-31,18:08:00,18,Male,41,Clothing,4,30,28.5
692,2022-09-30,19:48:00,110,Female,64,Clothing,2,50,49.5
835,2022-09-30,23:00:00,49,Male,37,Clothing,4,50,60
1312,2022-12-03,17:28:00,73,Male,41,Clothing,4,30,29.1
1692,2023-10-11,19:50:00,103,Female,64,Clothing,2,50,59.5
1835,2022-09-18,20:58:00,98,Male,37,Clothing,4,50,49.5
183,2022-09-01,19:22:00,28,Female,43,Beauty,3,300,375
413,2023-11-28,21:52:00,60,Female,44,Beauty,3,25,25.5
799,2023-10-01,19:44:00,86,Male,56,Electronics,2,50,60
851,2023-11-30,17:23:00,30,Male,32,Electronics,2,25,27.75
1183,2022-12-28,17:10:00,54,Female,43,Beauty,3,300,342
1413,2023-11-12,19:33:00,104,Female,44,Beauty,3,25,30.75
1799,2023-10-01,19:09:00,132,Male,56,Electronics,2,50,51
1851,2022-09-10,21:36:00,87,Male,32,Electronics,2,25,25
858,2023-09-08,18:48:00,85,Male,23,Electronics,2,50,50.5
919,2023-10-28,21:13:00,82,Female,22,Beauty,2,25,27.75
935,2022-09-10,21:16:00,2,Female,34,Beauty,1,50,55.5
1858,2023-09-14,20:47:00,49,Male,23,Electronics,2,50,52
1919,2022-10-25,17:54:00,78,Female,22,Beauty,2,25,26.5
1935,2022-12-16,22:40:00,96,Female,34,Beauty,1,50,47.5
132,2023-11-22,20:34:00,86,Male,42,Electronics,4,50,62
1132,2023-11-07,17:27:00,14,Male,42,Electronics,4,50,59
604,2022-09-16,19:34:00,139,Female,29,Electronics,4,50,50.5
832,2022-11-13,17:25:00,106,Male,47,Beauty,4,500,600
1604,2022-12-29,18:43:00,2,Female,29,Electronics,4,50,56
1832,2023-11-10,21:17:00,57,Male,47,Beauty,4,500,480
113,2022-10-08,19:14:00,72,Female,41,Electronics,2,25,26.25
1113,2023-12-08,17:41:00,141,Female,41,Electronics,2,25,27.75
165,2022-09-24,19:01:00,75,Female,60,Clothing,4,300,318
1165,2023-12-01,17:04:00,29,Female,60,Clothing,4,300,291
326,2023-11-23,19:51:00,108,Female,18,Clothing,3,25,24.25
1326,2023-09-01,22:35:00,66,Female,18,Clothing,3,25,28.75
19,2023-11-26,19:39:00,30,Female,62,Clothing,2,25,28.5
412,2022-09-04,19:36:00,30,Female,19,Electronics,4,500,570
632,2023-10-25,20:13:00,78,Female,26,Electronics,4,25,24.75
1019,2023-12-14,21:22:00,56,Female,62,Clothing,2,25,25.75
1412,2022-10-13,19:59:00,75,Female,19,Electronics,4,500,615
1632,2022-10-19,18:16:00,29,Female,26,Electronics,4,25,24.75
167,2023-09-21,20:58:00,73,Female,43,Clothing,3,50,49
172,2022-10-21,18:09:00,52,Male,32,Beauty,2,25,28
375,2023-09-22,17:32:00,25,Male,32,Clothing,1,50,52
538,2023-12-22,18:20:00,102,Male,18,Clothing,3,50,56.5
794,2022-11-02,21:47:00,145,Female,60,Beauty,1,300,315
1167,2023-09-29,21:21:00,9,Female,43,Clothing,3,50,54
1172,2022-10-19,21:12:00,150,Male,32,Beauty,2,25,28.5
1375,2022-10-01,17:50:00,79,Male,32,Clothing,1,50,59
1538,2022-09-12,20:57:00,21,Male,18,Clothing,3,50,53.5
1794,2022-12-22,19:40:00,26,Female,60,Beauty,1,300,351
131,2023-09-29,22:32:00,44,Female,21,Beauty,2,300,375
330,2022-10-11,20:18:00,116,Female,25,Beauty,4,50,55
494,2023-09-25,20:18:00,140,Female,42,Beauty,4,50,58
1131,2022-12-31,19:16:00,130,Female,21,Beauty,2,300,336
1330,2023-11-24,17:49:00,20,Female,25,Beauty,4,50,48
1494,2022-10-23,19:29:00,74,Female,42,Beauty,4,50,62.5
513,2022-10-21,18:31:00,85,Male,24,Electronics,4,25,24.5
573,2023-09-19,22:59:00,78,Male,49,Beauty,2,30,36.3
1513,2022-10-01,21:47:00,19,Male,24,Electronics,4,25,31
1573,2022-10-13,21:45:00,148,Male,49,Beauty,2,30,31.2
241,2023-12-19,20:21:00,108,Female,23,Electronics,3,25,26.75
579,2023-10-06,17:43:00,41,Female,38,Electronics,1,30,36.6
1241,2023-09-10,17:28:00,26,Female,23,Electronics,3,25,24.5
1579,2023-09-28,17:38:00,119,Female,38,Electronics,1,30,28.8
218,2022-11-24,20:39:00,144,Male,64,Beauty,3,30,33.9
846,2023-12-22,18:46:00,13,Male,42,Beauty,1,50,59.5
1218,2023-10-25,22:11:00,30,Male,64,Beauty,3,30,34.2
1846,2023-11-16,17:51:00,83,Male,42,Beauty,1,50,49.5
616,2022-12-31,19:18:00,122,Male,41,Clothing,2,50,49.5
1616,2022-09-22,18:41:00,121,Male,41,Clothing,2,50,59
523,2023-11-13,19:18:00,110,Female,62,Electronics,1,300,375
643,2022-10-05,22:26:00,63,Female,28,Electronics,3,30,28.8
1523,2023-12-31,20:40:00,150,Female,62,Electronics,1,300,330
1643,2023-10-17,21:47:00,12,Female,28,Electronics,3,30,33.3
351,2023-11-11,22:16:00,38,Female,56,Clothing,3,30,36.6
809,2022-12-14,22:51:00,124,Female,62,Beauty,2,50,50
954,2023-09-05,21:03:00,87,Female,50,Electronics,3,300,321
1351,2022-10-02,20:58:00,88,Female,56,Clothing,3,30,28.5
1809,2023-10-16,18:09:00,51,Female,62,Beauty,2,50,61.5
1954,2023-10-29,17:30:00,93,Female,50,Electronics,3,300,318
897,2023-09-12,17:53:00,15,Female,64,Electronics,2,50,51.5
1897,2023-10-27,17:12:00,137,Female,64,Electronics,2,50,62
147,2022-11-12,20:30:00,101,Male,23,Electronics,1,300,297
204,2022-09-10,21:04:00,101,Male,39,Beauty,1,25,31.25
390,2022-10-07,20:53:00,88,Male,39,Electronics,2,50,51
1147,2023-11-25,22:14:00,35,Male,23,Electronics,1,300,330
1204,2023-12-10,19:24:00,72,Male,39,Beauty,1,25,27.5
1390,2022-10-24,22:47:00,117,Male,39,Electronics,2,50,54
179,2023-10-07,20:42:00,121,Male,31,Electronics,1,300,375
327,2023-09-13,18:30:00,107,Male,57,Electronics,3,50,56
626,2022-10-30,21:01:00,65,Female,26,Clothing,4,500,555
873,2023-12-06,20:20:00,137,Female,27,Electronics,4,25,29
1179,2023-12-12,17:28:00,122,Male,31,Electronics,1,300,354
1327,2023-12-23,21:16:00,118,Male,57,Electronics,3,50,58
1626,2022-10-10,19:13:00,19,Female,26,Clothing,4,500,495
1873,2022-11-24,19:18:00,64,Female,27,Electronics,4,25,26.75
196,2023-12-29,19:14:00,43,Female,32,Clothing,3,300,312
789,2023-12-06,22:13:00,34,Female,61,Clothing,4,500,510
1196,2022-12-31,21:18:00,93,Female,32,Clothing,3,300,306
1789,2023-11-10,17:02:00,144,Female,61,Clothing,4,500,615
89,2023-12-30,21:15:00,117,Female,55,Electronics,4,500,590
707,2023-10-23,20:34:00,117,Female,26,Clothing,1,500,580
909,2023-10-29,19:43:00,71,Male,26,Electronics,1,300,288
1089,2023-10-21,18:44:00,108,Female,55,Electronics,4,500,555
1707,2023-09-17,18:35:00,144,Female,26,Clothing,1,500,535
1909,2022-10-22,19:41:00,17,Male,26,Electronics,1,300,339
51,2022-10-12,22:09:00,78,Male,27,Beauty,3,25,24.75
154,2022-12-24,17:47:00,24,Male,51,Electronics,3,300,321
276,2023-10-18,21:27:00,40,Female,21,Beauty,4,25,27.5
497,2023-12-31,18:11:00,127,Male,41,Clothing,4,30,37.2
889,2023-09-20,22:32:00,39,Female,35,Electronics,1,50,57.5
1051,2023-09-13,17:47:00,104,Male,27,Beauty,3,25,25
1154,2023-12-16,21:44:00,29,Male,51,Electronics,3,300,291
1276,2022-10-11,18:54:00,140,Female,21,Beauty,4,25,27
1497,2022-11-19,21:44:00,109,Male,41,Clothing,4,30,32.4
1889,2022-09-02,22:48:00,80,Female,35,Electronics,1,50,56
122,2023-12-01,19:02:00,1,Male,64,Electronics,4,30,35.4
373,2022-09-23,22:19:00,78,Female,25,Beauty,2,300,333
524,2023-09-17,19:52:00,12,Male,46,Beauty,4,300,297
688,2023-10-28,21:45:00,132,Male,56,Clothing,4,25,24.75
813,2022-10-15,19:51:00,125,Male,52,Electronics,3,50,62
1122,2022-09-07,19:53:00,138,Male,64,Electronics,4,30,31.8
1373,2023-10-02,20:26:00,64,Female,25,Beauty,2,300,294
1524,2022-10-26,22:10:00,115,Male,46,Beauty,4,300,321
1688,2022-12-17,17:25:00,150,Male,56,Clothing,4,25,26.5
1813,2022-11-22,22:24:00,86,Male,52,Electronics,3,50,61.5
178,2023-10-11,17:51:00,142,Male,40,Clothing,2,30,34.2
208,2023-10-21,20:56:00,144,Female,34,Electronics,4,50,57
247,2022-12-23,17:56:00,82,Male,41,Electronics,2,30,31.5
290,2023-12-08,21:39:00,86,Female,30,Beauty,2,300,342
656,2023-11-12,20:58:00,27,Male,29,Beauty,3,30,29.4
735,2022-11-26,21:38:00,153,Female,64,Clothing,4,500,515
1178,2023-12-29,21:15:00,137,Male,40,Clothing,2,30,33
1208,2022-10-15,17:44:00,9,Female,34,Electronics,4,50,47.5
1247,2023-09-02,18:17:00,78,Male,41,Electronics,2,30,35.7
1290,2022-12-30,22:40:00,66,Female,30,Beauty,2,300,318
1656,2023-09-16,20:03:00,141,Male,29,Beauty,3,30,35.4
1735,2023-09-05,17:26:00,86,Female,64,Clothing,4,500,505
319,2022-11-07,18:50:00,145,Male,31,Clothing,1,500,500
670,2023-09-29,17:24:00,59,Male,27,Beauty,1,30,35.7
1319,2023-11-25,17:17:00,76,Male,31,Clothing,1,500,585
1670,2023-10-24,21:32:00,58,Male,27,Beauty,1,30,34.2
385,2022-11-20,19:06:00,127,Male,50,Electronics,3,500,525
1385,2023-11-07,19:22:00,55,Male,50,Electronics,3,500,505
10,2022-10-24,22:55:00,81,Female,52,Clothing,4,50,62.5
26,2023-10-14,17:54:00,51,Female,28,Electronics,2,500,600
437,2023-11-26,18:53:00,56,Female,35,Electronics,4,300,345
689,2022-10-16,20:17:00,55,Male,57,Electronics,2,50,52.5
1010,2022-10-21,22:11:00,65,Female,52,Clothing,4,50,54.5
1026,2022-11-24,19:10:00,60,Female,28,Electronics,2,500,520
1437,2023-09-04,19:19:00,76,Female,35,Electronics,4,300,372
1689,2023-12-19,20:54:00,114,Male,57,Electronics,2,50,47.5
558,2023-10-26,17:47:00,108,Female,41,Clothing,1,25,26
634,2022-10-10,19:25:00,68,Male,60,Electronics,4,500,535
1558,2022-12-22,20:37:00,91,Female,41,Clothing,1,25,27.75
1634,2023-11-03,17:18:00,90,Male,60,Electronics,4,500,520
201,2022-10-13,19:08:00,105,Male,56,Electronics,1,25,29.75
286,2022-10-05,22:56:00,92,Male,55,Electronics,2,25,27.75
876,2023-10-03,19:39:00,104,Male,43,Clothing,4,30,30
1201,2023-10-31,17:28:00,115,Male,56,Electronics,1,25,27.75
1286,2022-12-26,17:23:00,111,Male,55,Electronics,2,25,28.5
1876,2023-11-05,19:53:00,68,Male,43,Clothing,4,30,32.1
55,2023-09-28,20:32:00,57,Male,31,Beauty,4,30,31.8
428,2022-12-02,22:44:00,50,Female,40,Electronics,4,50,49.5
441,2023-11-06,22:00:00,85,Male,57,Beauty,4,300,351
976,2023-10-08,19:50:00,56,Female,48,Beauty,2,300,345
1055,2022-10-23,21:35:00,97,Male,31,Beauty,4,30,37.5
1428,2023-09-09,18:44:00,96,Female,40,Electronics,4,50,57
1441,2023-10-04,21:38:00,63,Male,57,Beauty,4,300,354
1976,2023-10-15,21:10:00,108,Female,48,Beauty,2,300,360
149,2023-10-14,17:52:00,73,Male,22,Clothing,3,25,27
227,2023-11-15,19:19:00,87,Male,36,Electronics,2,50,50.5
393,2022-10-19,18:52:00,85,Female,22,Beauty,2,500,595
401,2023-12-03,19:03:00,51,Female,62,Clothing,1,300,372
546,2022-12-30,22:32:00,57,Female,36,Electronics,4,50,53.5
872,2023-12-10,22:18:00,113,Female,63,Beauty,3,25,24.75
914,2022-09-07,22:25:00,83,Female,59,Electronics,1,500,510
1149,2023-09-14,19:23:00,98,Male,22,Clothing,3,25,29.75
1227,2023-10-01,20:09:00,103,Male,36,Electronics,2,50,47.5
1393,2022-10-08,17:24:00,56,Female,22,Beauty,2,500,580
1401,2022-10-01,21:20:00,85,Female,62,Clothing,1,300,294
1546,2022-12-18,19:06:00,93,Female,36,Electronics,4,50,48
1872,2022-11-22,17:02:00,57,Female,63,Beauty,3,25,26.25
1914,2023-11-05,17:49:00,70,Female,59,Electronics,1,500,510
310,2022-11-10,21:34:00,76,Female,28,Beauty,1,25,31
844,2023-10-09,17:54:00,95,Male,35,Clothing,3,50,62
852,2022-10-01,19:35:00,82,Female,41,Clothing,1,300,375
1310,2022-10-29,21:31:00,74,Female,28,Beauty,1,25,24.75
1844,2022-10-25,20:30:00,70,Male,35,Clothing,3,50,50.5
1852,2023-10-11,18:09:00,109,Female,41,Clothing,1,300,333
97,2022-11-26,18:17:00,112,Female,51,Beauty,2,500,555
619,2023-10-09,18:10:00,56,Male,47,Electronics,4,25,26.25
948,2023-12-10,22:06:00,52,Female,23,Electronics,3,25,28.75
1097,2022-12-26,20:53:00,86,Female,51,Beauty,2,500,485
1619,2022-10-20,18:07:00,61,Male,47,Electronics,4,25,24.25
1948,2023-09-17,21:09:00,100,Female,23,Electronics,3,25,24.5
456,2023-12-15,19:45:00,51,Male,57,Electronics,2,30,33.9
627,2022-10-24,18:14:00,79,Male,57,Clothing,1,50,55.5
1456,2022-09-02,18:49:00,85,Male,57,Electronics,2,30,37.2
1627,2022-11-18,17:21:00,84,Male,57,Clothing,1,50,60
22,2023-11-25,17:11:00,66,Male,18,Clothing,2,50,60.5
121,2023-10-07,18:57:00,110,Female,28,Electronics,4,50,54.5
431,2022-10-29,22:02:00,99,Male,63,Electronics,4,300,345
1022,2023-09-05,17:49:00,69,Male,18,Clothing,2,50,52.5
1121,2022-11-23,21:10:00,95,Female,28,Electronics,4,50,50.5
1431,2023-09-28,21:28:00,114,Male,63,Electronics,4,300,312
370,2023-10-24,21:04:00,61,Male,23,Electronics,2,30,34.8
711,2023-09-23,22:26:00,103,Male,26,Electronics,3,500,575
754,2023-09-26,18:40:00,90,Female,43,Electronics,4,25,23.75
943,2022-11-05,19:29:00,90,Female,57,Clothing,4,300,318
1370,2022-11-04,22:51:00,90,Male,23,Electronics,2,30,36
1711,2023-09-22,20:33:00,113,Male,26,Electronics,3,500,570
1754,2022-12-01,21:03:00,107,Female,43,Electronics,4,25,28.5
1943,2023-11-17,21:00:00,108,Female,57,Clothing,4,300,321
350,2022-11-20,17:41:00,61,Male,25,Beauty,3,25,28.5
786,2022-12-16,20:38:00,78,Male,48,Clothing,4,25,28.5
1350,2023-11-08,22:02:00,93,Male,25,Beauty,3,25,29.25
1786,2022-09-27,21:26:00,69,Male,48,Clothing,4,25,28.75
109,2023-09-06,19:57:00,94,Female,34,Electronics,4,500,560
191,2023-12-22,21:24:00,71,Male,64,Beauty,1,25,28.25
1109,2023-12-13,22:13:00,114,Female,34,Electronics,4,500,590
1191,2023-09-25,17:20:00,88,Male,64,Beauty,1,25,25
340,2023-09-19,22:59:00,54,Female,36,Clothing,4,300,294
555,2022-12-14,19:35:00,103,Male,25,Beauty,1,300,360
826,2022-12-24,19:08:00,81,Female,46,Clothing,1,300,303
962,2023-12-15,22:02:00,76,Male,44,Clothing,2,30,35.1
1340,2023-10-30,20:55:00,92,Female,36,Clothing,4,300,348
1555,2022-12-19,18:54:00,55,Male,25,Beauty,1,300,312
1826,2022-12-30,22:05:00,104,Female,46,Clothing,1,300,297
1962,2022-09-07,18:59:00,65,Male,44,Clothing,2,30,32.7
249,2022-09-28,20:17:00,109,Male,20,Clothing,1,50,53.5
1249,2022-12-10,21:44:00,95,Male,20,Clothing,1,50,60
922,2023-10-19,22:54:00,103,Male,41,Electronics,1,50,60.5
1922,2023-10-28,20:07:00,72,Male,41,Electronics,1,50,48.5
600,2023-10-09,18:39:00,64,Female,59,Beauty,2,500,525
680,2022-12-01,22:04:00,110,Female,53,Clothing,3,300,330
770,2022-12-11,22:49:00,71,Male,32,Clothing,1,50,55
1600,2022-12-18,17:44:00,67,Female,59,Beauty,2,500,575
1680,2023-09-03,17:12:00,72,Female,53,Clothing,3,300,324
1770,2023-11-30,20:08:00,65,Male,32,Clothing,1,50,56
60,2022-12-04,18:15:00,91,Male,30,Beauty,3,50,60.5
250,2022-12-24,23:00:00,91,Male,48,Electronics,1,50,60.5
516,2023-09-20,18:38:00,85,Male,30,Beauty,4,25,24.25
937,2022-10-18,19:57:00,50,Female,62,Beauty,1,500,510
1060,2022-11-12,18:29:00,71,Male,30,Beauty,3,50,57
1250,2022-11-19,20:39:00,96,Male,48,Electronics,1,50,48.5
1516,2022-11-09,17:19:00,54,Male,30,Beauty,4,25,24.5
1937,2022-09-07,17:57:00,52,Female,62,Beauty,1,500,620
318,2023-10-22,21:26:00,57,Male,61,Clothing,1,25,29.25
342,2023-11-05,17:24:00,85,Female,43,Clothing,4,500,500
564,2023-09-12,20:14:00,114,Male,50,Electronics,2,50,55.5
767,2022-11-07,22:44:00,72,Male,39,Beauty,3,25,24.5
1318,2022-12-25,22:57:00,55,Male,61,Clothing,1,25,27
1342,2022-09-18,23:00:00,114,Female,43,Clothing,4,500,485
1564,2022-10-04,22:55:00,115,Male,50,Electronics,2,50,49.5
1767,2022-12-10,17:35:00,87,Male,39,Beauty,3,25,28.25
503,2023-10-08,20:06:00,63,Male,45,Beauty,4,500,570
869,2022-09-08,22:16:00,51,Male,37,Beauty,3,500,485
1503,2022-10-17,18:28:00,67,Male,45,Beauty,4,500,605
1869,2022-10-23,19:51:00,113,Male,37,Beauty,3,500,605
126,2022-11-01,18:16:00,63,Female,28,Clothing,3,30,28.8
349,2023-12-04,17:05:00,78,Female,57,Beauty,1,50,48.5
440,2023-11-22,20:15:00,110,Male,64,Clothing,2,300,348
1126,2022-09-12,17:12:00,62,Female,28,Clothing,3,30,28.8
1349,2023-12-08,21:57:00,112,Female,57,Beauty,1,50,49.5
1440,2023-09-01,19:20:00,86,Male,64,Clothing,2,300,354
124,2022-12-24,21:17:00,83,Male,33,Clothing,4,500,515
324,2022-11-15,17:52:00,54,Female,52,Electronics,3,50,49
677,2022-12-17,21:13:00,65,Female,19,Beauty,3,500,555
1124,2023-10-06,20:04:00,83,Male,33,Clothing,4,500,515
1324,2023-09-25,20:29:00,56,Female,52,Electronics,3,50,55
1677,2022-10-02,20:51:00,84,Female,19,Beauty,3,500,490
30,2023-10-10,20:05:00,59,Female,39,Beauty,3,300,285
226,2022-09-23,17:02:00,69,Female,61,Clothing,1,50,57.5
229,2023-11-09,19:23:00,92,Male,58,Beauty,3,30,36.9
896,2023-12-30,19:17:00,56,Female,30,Electronics,2,25,30.75
959,2022-09-18,17:59:00,54,Female,42,Electronics,2,30,28.5
998,2023-10-21,17:32:00,61,Female,23,Beauty,4,25,30.5
1030,2022-11-27,18:02:00,96,Female,39,Beauty,3,300,309
1226,2023-11-30,17:52:00,102,Female,61,Clothing,1,50,51
1229,2023-11-02,21:08:00,62,Male,58,Beauty,3,30,34.5
1896,2022-11-05,20:19:00,87,Female,30,Electronics,2,25,30.75
1959,2022-10-08,19:56:00,95,Female,42,Electronics,2,30,34.2
1998,2023-10-20,19:53:00,90,Female,23,Beauty,4,25,24
12,2022-12-09,22:09:00,114,Male,35,Beauty,3,25,25.25
1012,2022-12-08,18:47:00,56,Male,35,Beauty,3,25,27.25
710,2022-09-03,21:11:00,71,Female,26,Electronics,3,500,495
776,2023-09-08,18:57:00,109,Male,35,Clothing,3,30,30.9
817,2022-10-05,21:12:00,87,Male,30,Beauty,4,50,49
1710,2022-10-23,20:14:00,104,Female,26,Electronics,3,500,610
1776,2022-10-23,20:07:00,111,Male,35,Clothing,3,30,32.1
1817,2022-09-11,21:22:00,82,Male,30,Beauty,4,50,50
334,2022-10-16,20:37:00,103,Male,31,Electronics,3,300,360
343,2022-11-09,18:44:00,68,Male,21,Electronics,2,25,30
628,2023-12-23,18:00:00,66,Female,19,Beauty,4,50,59.5
983,2022-10-10,20:12:00,61,Female,29,Clothing,1,300,345
1334,2022-09-21,20:37:00,60,Male,31,Electronics,3,300,366
1343,2023-10-21,20:10:00,87,Male,21,Electronics,2,25,28.5
1628,2022-12-28,22:23:00,51,Female,19,Beauty,4,50,58.5
1983,2022-12-21,21:38:00,114,Female,29,Clothing,1,300,303
141,2022-11-01,19:26:00,54,Female,22,Electronics,1,50,59
145,2022-11-06,19:21:00,64,Female,39,Clothing,3,25,27.5
507,2022-12-11,21:40:00,52,Female,37,Electronics,3,500,485
841,2022-12-18,20:58:00,108,Male,31,Electronics,4,25,28.5
898,2023-09-17,20:55:00,53,Female,42,Clothing,3,30,35.1
951,2022-09-18,21:35:00,58,Male,33,Beauty,2,50,57.5
1141,2023-09-17,19:13:00,65,Female,22,Electronics,1,50,58
1145,2023-09-01,19:19:00,87,Female,39,Clothing,3,25,31
1507,2022-12-27,22:14:00,95,Female,37,Electronics,3,500,520
1841,2023-11-14,18:55:00,94,Male,31,Electronics,4,25,28.25
1898,2023-11-13,18:17:00,81,Female,42,Clothing,3,30,35.1
1951,2022-12-03,18:56:00,54,Male,33,Beauty,2,50,59.5
181,2023-11-06,19:59:00,79,Male,19,Electronics,4,300,327
1181,2022-11-06,18:28:00,84,Male,19,Electronics,4,300,354
784,2023-10-18,22:44:00,71,Female,34,Electronics,1,500,610
1784,2023-12-28,20:58:00,100,Female,34,Electronics,1,500,500
20,2023-12-12,21:35:00,85,Male,22,Clothing,3,300,345
690,2023-12-19,18:39:00,91,Female,52,Clothing,3,300,324
1020,2022-11-22,18:30:00,86,Male,22,Clothing,3,300,300
1690,2023-09-05,17:36:00,101,Female,52,Clothing,3,300,369
47,2022-10-22,17:22:00,96,Female,40,Beauty,3,500,600
405,2022-10-17,17:55:00,79,Female,25,Clothing,4,300,324
1047,2022-12-04,21:53:00,84,Female,40,Beauty,3,500,490
1405,2023-10-28,20:08:00,91,Female,25,Clothing,4,300,342
205,2022-11-22,17:20:00,88,Female,43,Clothing,1,25,25.5
512,2022-12-06,18:00:00,56,Female,57,Beauty,1,25,9.5
565,2023-09-05,20:24:00,75,Female,45,Beauty,2,30,9
761,2022-11-14,22:16:00,64,Female,33,Clothing,1,500,275
762,2023-11-27,17:49:00,56,Female,24,Electronics,2,25,10.25
950,2022-09-22,21:27:00,75,Male,36,Clothing,3,300,144
1205,2022-11-25,19:19:00,97,Female,43,Clothing,1,25,7.25
1512,2023-12-20,20:05:00,105,Female,57,Beauty,1,25,13.25
1565,2023-09-04,20:45:00,74,Female,45,Beauty,2,30,11.1
1761,2023-12-09,18:46:00,72,Female,33,Clothing,1,500,200
1762,2023-11-15,18:43:00,81,Female,24,Electronics,2,25,11
1950,2022-12-04,19:23:00,50,Male,36,Clothing,3,300,84
86,2023-09-29,18:55:00,69,Male,19,Beauty,3,30,15.6
173,2023-12-19,17:30:00,85,Male,64,Electronics,4,30,14.1
1086,2023-09-14,19:50:00,84,Male,19,Beauty,3,30,16.5
1173,2022-12-04,21:03:00,70,Male,64,Electronics,4,30,15
595,2022-10-15,21:35:00,65,Female,18,Clothing,4,500,210
827,2023-10-28,19:24:00,96,Male,61,Beauty,3,300,165
965,2022-11-27,21:45:00,84,Male,22,Clothing,4,50,13
1595,2023-10-04,17:44:00,115,Female,18,Clothing,4,500,255
1827,2022-11-09,20:02:00,62,Male,61,Beauty,3,300,132
1965,2022-12-12,20:03:00,93,Male,22,Clothing,4,50,21.5
388,2022-12-03,19:04:00,60,Male,50,Electronics,1,25,12.25
631,2023-10-22,22:18:00,92,Male,56,Electronics,3,30,16.5
1388,2023-10-13,18:12:00,89,Male,50,Electronics,1,25,6.75
1631,2022-11-01,19:11:00,75,Male,56,Electronics,3,30,12.3
554,2022-12-06,21:04:00,94,Female,46,Beauty,3,50,13
812,2023-10-02,17:45:00,89,Male,19,Electronics,3,25,11.25
1554,2023-11-27,19:55:00,83,Female,46,Beauty,3,50,15.5
1812,2023-10-25,22:19:00,85,Male,19,Electronics,3,25,12
58,2023-09-16,19:18:00,53,Male,18,Clothing,4,300,75
952,2022-12-21,18:09:00,69,Female,57,Clothing,1,25,13.25
1058,2022-10-30,18:31:00,100,Male,18,Clothing,4,300,153
1952,2022-12-17,22:13:00,114,Female,57,Clothing,1,25,13.5
345,2022-12-07,18:56:00,104,Male,62,Electronics,1,30,13.5
458,2023-11-28,21:35:00,110,Female,39,Electronics,4,25,7
582,2022-09-30,21:38:00,110,Male,35,Clothing,3,300,75
963,2023-10-19,18:24:00,76,Female,55,Beauty,1,50,13
1345,2022-09-29,17:50:00,98,Male,62,Electronics,1,30,11.4
1458,2023-10-09,19:21:00,95,Female,39,Electronics,4,25,9.75
1582,2023-10-17,19:12:00,56,Male,35,Clothing,3,300,114
1963,2022-12-12,20:56:00,115,Female,55,Beauty,1,50,20.5
369,2023-12-13,19:42:00,111,Male,23,Electronics,3,500,215
706,2022-09-04,22:19:00,66,Male,51,Electronics,4,25,8
747,2022-10-21,18:12:00,51,Male,23,Beauty,1,30,9.3
1369,2022-10-10,21:14:00,64,Male,23,Electronics,3,500,180
1706,2022-10-16,18:04:00,57,Male,51,Electronics,4,25,11.75
1747,2023-09-05,18:22:00,87,Male,23,Beauty,1,30,16.2
533,2022-11-13,17:19:00,92,Male,19,Electronics,3,500,155
1533,2022-10-29,19:35:00,67,Male,19,Electronics,3,500,255
169,2022-11-28,18:47:00,73,Male,18,Beauty,3,500,145
645,2022-12-14,22:11:00,51,Female,35,Electronics,4,30,11.1
968,2023-12-18,20:34:00,101,Female,48,Clothing,3,300,120
997,2023-10-01,20:36:00,51,Male,52,Beauty,3,30,15
1169,2022-09-25,17:12:00,101,Male,18,Beauty,3,500,255
1645,2023-10-12,17:27:00,109,Female,35,Electronics,4,30,9
1968,2022-09-21,19:09:00,75,Female,48,Clothing,3,300,153
1997,2023-10-29,21:09:00,99,Male,52,Beauty,3,30,10.2
57,2022-10-11,20:12:00,64,Female,63,Beauty,1,30,10.2
137,2022-09-10,20:42:00,66,Male,46,Beauty,2,500,125
778,2023-12-13,18:28:00,105,Female,47,Beauty,4,25,13.75
1057,2023-09-19,22:31:00,114,Female,63,Beauty,1,30,15.9
1137,2022-11-05,22:34:00,104,Male,46,Beauty,2,500,145
1778,2023-12-30,19:57:00,94,Female,47,Beauty,4,25,11.25
599,2023-12-10,19:07:00,82,Female,28,Beauty,2,50,24.5
938,2022-09-16,17:55:00,103,Male,49,Clothing,4,50,23
1599,2022-10-24,17:23:00,110,Female,28,Beauty,2,50,20.5
1938,2022-10-12,20:15:00,76,Male,49,Clothing,4,50,13.5
234,2023-12-09,17:42:00,64,Female,62,Electronics,2,25,13.75
1234,2023-09-07,17:46:00,78,Female,62,Electronics,2,25,8.25
410,2023-10-31,19:41:00,64,Female,29,Clothing,2,50,14.5
417,2023-10-01,22:03:00,109,Male,43,Electronics,3,300,162
581,2022-12-15,21:16:00,103,Female,48,Beauty,2,30,13.8
1410,2022-10-16,18:47:00,72,Female,29,Clothing,2,50,22.5
1417,2022-12-26,17:43:00,54,Male,43,Electronics,3,300,147
1581,2022-12-20,18:57:00,108,Female,48,Beauty,2,30,9.9
74,2023-10-05,19:50:00,56,Female,18,Beauty,4,500,205
87,2022-09-07,18:09:00,104,Female,28,Beauty,2,50,15.5
803,2022-10-25,17:16:00,60,Male,39,Clothing,4,25,6.75
1074,2022-10-04,20:18:00,67,Female,18,Beauty,4,500,230
1087,2022-11-08,23:00:00,81,Female,28,Beauty,2,50,15
1803,2023-12-26,19:36:00,101,Male,39,Clothing,4,25,8.5
424,2023-12-20,19:21:00,101,Male,57,Beauty,4,300,147
641,2023-12-25,18:30:00,105,Female,40,Electronics,1,300,144
918,2023-10-13,21:59:00,114,Female,42,Electronics,3,30,16.2
1424,2023-09-05,21:32:00,54,Male,57,Beauty,4,300,111
1641,2022-09-01,17:41:00,65,Female,40,Electronics,1,300,165
1918,2022-12-10,21:57:00,56,Female,42,Electronics,3,30,13.2
1,2022-12-16,19:10:00,50,Male,34,Beauty,3,50,16
95,2022-11-06,19:57:00,103,Female,32,Clothing,2,30,7.5
171,2022-10-14,20:10:00,109,Female,52,Clothing,3,300,126
1001,2023-09-01,20:11:00,99,Male,34,Beauty,3,50,22
1095,2022-09-05,17:56:00,56,Female,32,Clothing,2,30,9.9
1171,2022-10-05,21:05:00,87,Female,52,Clothing,3,300,84
156,2022-12-02,19:34:00,60,Female,43,Clothing,4,25,7
493,2022-12-01,20:10:00,95,Male,41,Beauty,2,25,7.75
1156,2022-12-26,21:10:00,68,Female,43,Clothing,4,25,13.5
1493,2023-11-26,21:49:00,58,Male,41,Beauty,2,25,6.75
115,2022-09-02,19:21:00,67,Male,51,Clothing,3,500,255
715,2022-10-11,20:57:00,55,Female,42,Beauty,4,25,6.25
1115,2023-09-21,17:41:00,99,Male,51,Clothing,3,500,180
1715,2022-12-30,19:35:00,89,Female,42,Beauty,4,25,9.75
267,2022-11-19,17:53:00,84,Female,32,Beauty,3,30,12
362,2023-09-27,22:43:00,101,Male,50,Clothing,1,25,10.25
856,2022-11-05,17:43:00,102,Male,54,Electronics,4,30,9.3
1267,2022-12-23,21:03:00,91,Female,32,Beauty,3,30,9.6
1362,2023-11-21,18:53:00,104,Male,50,Clothing,1,25,11
1856,2023-12-20,21:34:00,114,Male,54,Electronics,4,30,16.2
84,2023-11-10,17:17:00,89,Female,38,Electronics,3,30,10.2
795,2023-10-03,19:51:00,71,Male,57,Electronics,1,300,102
1084,2022-10-23,20:37:00,93,Female,38,Electronics,3,30,7.8
1795,2023-12-29,18:50:00,86,Male,57,Electronics,1,300,105
24,2023-12-14,22:59:00,59,Female,49,Clothing,1,300,87
215,2022-10-03,21:20:00,101,Male,58,Clothing,3,500,145
739,2023-10-14,17:09:00,57,Male,36,Beauty,1,25,10.25
1024,2023-12-03,21:51:00,72,Female,49,Clothing,1,300,126
1215,2022-11-19,20:44:00,107,Male,58,Clothing,3,500,130
1739,2023-10-25,17:52:00,67,Male,36,Beauty,1,25,11.25
289,2023-09-09,20:29:00,107,Male,53,Electronics,2,30,8.1
741,2022-12-24,22:30:00,53,Male,48,Clothing,1,300,141
810,2022-12-01,18:04:00,76,Male,59,Electronics,4,25,13.75
1289,2023-10-10,19:35:00,83,Male,53,Electronics,2,30,16.2
1741,2023-09-02,20:47:00,70,Male,48,Clothing,1,300,132
1810,2023-09-22,18:29:00,106,Male,59,Electronics,4,25,13.5
266,2022-09-12,18:26:00,66,Female,19,Electronics,2,30,14.4
389,2022-11-11,19:06:00,109,Male,21,Clothing,2,25,12.25
1266,2023-09-03,20:08:00,79,Female,19,Electronics,2,30,15.6
1389,2023-09-27,18:11:00,60,Male,21,Clothing,2,25,9.5
112,2023-12-25,18:44:00,57,Male,37,Clothing,3,500,165
566,2022-11-26,19:15:00,106,Female,64,Clothing,1,30,8.4
608,2022-12-07,22:19:00,112,Female,55,Electronics,3,500,200
1112,2022-12-22,17:11:00,94,Male,37,Clothing,3,500,180
1566,2022-10-03,18:17:00,56,Female,64,Clothing,1,30,15.6
1608,2023-09-26,21:01:00,87,Female,55,Electronics,3,500,265
348,2022-10-17,20:20:00,83,Female,35,Electronics,2,300,147
1348,2023-10-25,17:21:00,79,Female,35,Electronics,2,300,87
199,2023-10-26,21:34:00,53,Male,45,Beauty,3,500,135
258,2023-12-29,17:40:00,109,Female,37,Clothing,1,50,22
485,2022-11-08,17:30:00,101,Male,24,Electronics,1,30,11.4
576,2023-12-25,17:30:00,113,Female,33,Beauty,3,50,20
1199,2023-12-16,17:46:00,110,Male,45,Beauty,3,500,190
1258,2022-12-03,20:27:00,64,Female,37,Clothing,1,50,21.5
1485,2022-09-24,18:29:00,66,Male,24,Electronics,1,30,15.6
1576,2022-12-14,18:34:00,108,Female,33,Beauty,3,50,27.5
65,2022-12-11,20:03:00,84,Male,51,Electronics,4,500,160
311,2023-11-20,21:01:00,61,Female,32,Beauty,4,25,9.75
791,2022-09-04,16:28:00,106,Female,51,Beauty,1,25,11.75
971,2023-12-30,16:50:00,64,Female,27,Electronics,4,50,26.5
999,2022-12-14,16:45:00,110,Female,36,Electronics,3,50,21.5
1065,2023-10-24,15:16:00,76,Male,51,Electronics,4,500,175
1311,2023-11-24,15:22:00,84,Female,32,Beauty,4,25,9.25
1791,2022-10-06,14:52:00,87,Female,51,Beauty,1,25,7
1971,2022-09-12,16:19:00,90,Female,27,Electronics,4,50,19
1999,2022-11-12,13:06:00,61,Female,36,Electronics,3,50,13
395,2022-12-01,15:00:00,76,Male,50,Electronics,2,500,175
535,2023-11-20,13:46:00,59,Male,47,Beauty,3,30,16.2
580,2022-11-14,14:44:00,104,Female,31,Clothing,3,500,200
712,2023-09-12,14:15:00,108,Female,57,Beauty,2,25,11.5
868,2023-12-04,13:39:00,110,Female,25,Electronics,1,300,111
1395,2023-09-10,14:18:00,91,Male,50,Electronics,2,500,130
1535,2023-12-18,15:31:00,52,Male,47,Beauty,3,30,9.9
1580,2023-09-21,15:47:00,105,Female,31,Clothing,3,500,250
1712,2023-11-25,16:37:00,92,Female,57,Beauty,2,25,8.75
1868,2022-12-06,16:23:00,78,Female,25,Electronics,1,300,138
531,2022-10-08,12:30:00,105,Male,31,Electronics,1,500,275
550,2023-09-27,16:58:00,80,Male,40,Clothing,3,300,90
1531,2022-09-22,13:19:00,56,Male,31,Electronics,1,500,250
1550,2022-09-30,13:11:00,73,Male,40,Clothing,3,300,147
392,2022-12-21,13:11:00,77,Male,27,Clothing,2,300,78
453,2022-10-14,14:45:00,90,Female,26,Clothing,2,500,265
540,2022-12-22,16:17:00,79,Female,46,Electronics,3,300,87
625,2022-12-25,13:36:00,68,Male,31,Clothing,1,300,123
1392,2022-09-12,12:28:00,70,Male,27,Clothing,2,300,90
1453,2023-10-14,13:24:00,113,Female,26,Clothing,2,500,205
1540,2023-10-12,16:51:00,115,Female,46,Electronics,3,300,147
1625,2023-09-27,16:36:00,52,Male,31,Clothing,1,300,147
244,2023-09-14,13:57:00,101,Male,28,Beauty,2,50,20.5
355,2022-09-23,13:42:00,96,Female,55,Electronics,1,500,260
468,2022-12-05,14:32:00,86,Male,40,Electronics,1,25,12.25
700,2022-09-01,15:07:00,61,Male,36,Electronics,4,500,250
752,2023-09-20,16:06:00,79,Male,29,Clothing,2,50,13
828,2022-11-24,15:54:00,76,Female,33,Electronics,4,300,132
1244,2022-12-11,16:47:00,100,Male,28,Beauty,2,50,19.5
1355,2023-09-17,13:19:00,107,Female,55,Electronics,1,500,155
1468,2023-11-08,13:14:00,73,Male,40,Electronics,1,25,9.75
1700,2023-09-27,16:10:00,87,Male,36,Electronics,4,500,210
1752,2023-10-21,13:01:00,79,Male,29,Clothing,2,50,14.5
1828,2022-10-14,14:14:00,99,Female,33,Electronics,4,300,165
80,2023-10-22,16:51:00,82,Female,64,Clothing,2,30,12.3
214,2022-11-05,16:31:00,53,Male,20,Beauty,2,30,8.1
361,2022-09-12,16:37:00,112,Female,34,Electronics,4,300,81
526,2022-11-19,12:47:00,65,Male,33,Clothing,2,50,19.5
1080,2022-12-08,13:31:00,70,Female,64,Clothing,2,30,13.2
1214,2023-11-18,14:24:00,50,Male,20,Beauty,2,30,11.1
1361,2023-09-12,16:00:00,89,Female,34,Electronics,4,300,153
1526,2022-09-25,15:06:00,84,Male,33,Clothing,2,50,26.5
265,2022-11-24,12:12:00,80,Male,55,Clothing,3,300,132
586,2023-12-20,14:57:00,84,Male,50,Electronics,1,50,21.5
1265,2022-11-05,14:35:00,86,Male,55,Clothing,3,300,111
1586,2022-11-04,16:25:00,59,Male,50,Electronics,1,50,14
336,2023-11-04,13:05:00,67,Female,52,Beauty,3,50,25
571,2022-10-20,12:51:00,87,Female,41,Electronics,1,50,16
1336,2022-09-23,13:27:00,74,Female,52,Beauty,3,50,21.5
1571,2022-11-08,14:55:00,105,Female,41,Electronics,1,50,25
9,2022-12-02,13:12:00,85,Male,63,Electronics,2,300,78
552,2022-10-29,13:32:00,85,Female,49,Electronics,3,25,9.75
771,2023-12-24,12:23:00,70,Male,24,Electronics,2,25,11.75
1009,2023-09-22,14:18:00,88,Male,63,Electronics,2,300,78
1552,2022-09-25,12:11:00,55,Female,49,Electronics,3,25,13
1771,2023-09-13,13:41:00,108,Male,24,Electronics,2,25,10.75
496,2022-12-12,13:07:00,91,Male,23,Clothing,2,300,141
701,2023-11-29,16:33:00,93,Female,52,Beauty,2,30,14.1
1496,2022-09-03,15:05:00,110,Male,23,Clothing,2,300,120
1701,2023-10-13,15:09:00,62,Female,52,Beauty,2,30,15.9
139,2023-09-15,14:03:00,113,Male,36,Beauty,4,500,230
151,2023-10-12,15:49:00,108,Male,29,Clothing,1,50,18
1139,2023-12-21,14:23:00,87,Male,36,Beauty,4,500,230
1151,2022-12-12,14:48:00,99,Male,29,Clothing,1,50,26
83,2022-11-27,15:57:00,56,Male,54,Electronics,2,50,16.5
153,2023-11-19,15:52:00,62,Male,63,Electronics,2,500,195
451,2023-10-09,15:38:00,74,Female,45,Electronics,1,30,13.5
1083,2022-09-30,15:46:00,99,Male,54,Electronics,2,50,17.5
1153,2022-09-24,12:30:00,91,Male,63,Electronics,2,500,265
1451,2022-09-23,12:10:00,94,Female,45,Electronics,1,30,13.2
99,2023-11-19,15:12:00,71,Female,50,Electronics,4,300,132
783,2022-11-11,15:37:00,91,Female,56,Clothing,1,300,150
1099,2022-12-24,12:41:00,56,Female,50,Electronics,4,300,162
1783,2023-09-05,16:37:00,52,Female,56,Clothing,1,300,135
409,2023-12-17,12:30:00,55,Female,21,Electronics,3,300,87
525,2022-09-05,14:15:00,98,Female,47,Beauty,2,25,7
939,2022-11-07,15:28:00,75,Female,46,Electronics,1,300,81
994,2022-12-24,16:38:00,73,Female,51,Beauty,2,500,125
1409,2023-11-22,12:15:00,102,Female,21,Electronics,3,300,138
1525,2022-12-13,13:35:00,106,Female,47,Beauty,2,25,12
1939,2022-10-31,13:30:00,74,Female,46,Electronics,1,300,135
1994,2022-11-20,13:27:00,86,Female,51,Beauty,2,500,250
96,2023-11-22,14:10:00,62,Female,44,Clothing,2,300,84
609,2023-11-19,13:02:00,59,Female,47,Clothing,2,50,13
982,2022-11-10,14:08:00,50,Female,46,Beauty,3,30,15.6
1096,2022-12-01,14:49:00,82,Female,44,Clothing,2,300,138
1609,2023-10-05,13:58:00,81,Female,47,Clothing,2,50,22.5
1982,2023-09-09,12:46:00,110,Female,46,Beauty,3,30,16.5
209,2022-09-03,12:22:00,61,Female,30,Electronics,4,50,14
435,2023-12-15,13:41:00,113,Female,30,Beauty,3,300,108
777,2022-09-10,15:07:00,54,Male,48,Electronics,3,50,17
854,2022-10-01,15:42:00,84,Male,29,Clothing,1,50,22
890,2023-12-25,14:44:00,76,Male,34,Electronics,2,25,13.5
1209,2022-12-06,12:37:00,55,Female,30,Electronics,4,50,23
1435,2022-10-27,13:31:00,61,Female,30,Beauty,3,300,114
1777,2023-11-15,12:06:00,74,Male,48,Electronics,3,50,19.5
1854,2023-11-25,16:53:00,109,Male,29,Clothing,1,50,22.5
1890,2023-10-18,14:20:00,51,Male,34,Electronics,2,25,6.25
865,2023-12-17,14:49:00,78,Female,42,Clothing,1,300,108
1865,2022-11-18,14:52:00,107,Female,42,Clothing,1,300,156
662,2022-12-03,12:40:00,100,Male,48,Beauty,2,500,145
1662,2023-12-20,12:38:00,106,Male,48,Beauty,2,500,240
309,2023-10-12,15:39:00,78,Female,26,Beauty,1,25,9
544,2023-10-31,13:46:00,95,Female,27,Electronics,1,25,10.25
602,2023-12-12,16:46:00,75,Female,20,Electronics,1,300,96
615,2022-10-31,15:06:00,58,Female,61,Clothing,4,25,10.5
678,2022-11-17,15:55:00,70,Female,60,Electronics,3,300,144
781,2022-10-19,16:52:00,106,Male,35,Beauty,1,500,225
1309,2022-09-30,16:50:00,93,Female,26,Beauty,1,25,9.5
1544,2022-12-16,15:58:00,70,Female,27,Electronics,1,25,11.25
1602,2022-12-01,15:17:00,86,Female,20,Electronics,1,300,126
1615,2022-11-17,13:43:00,82,Female,61,Clothing,4,25,13.5
1678,2022-09-16,13:44:00,99,Female,60,Electronics,3,300,102
1781,2022-10-13,12:22:00,55,Male,35,Beauty,1,500,225
34,2023-09-24,13:26:00,87,Female,51,Clothing,3,50,17
916,2023-12-05,12:56:00,68,Female,32,Electronics,1,50,26
1034,2022-11-13,14:48:00,52,Female,51,Clothing,3,50,24.5
1916,2022-11-08,12:40:00,102,Female,32,Electronics,1,50,16.5
757,2023-10-06,12:10:00,82,Female,43,Electronics,4,300,105
1757,2023-09-29,16:42:00,50,Female,43,Electronics,4,300,132
25,2022-11-20,14:32:00,61,Female,64,Beauty,1,50,19
82,2022-09-08,12:55:00,85,Female,32,Beauty,4,50,15
472,2023-10-30,15:23:00,95,Female,38,Beauty,3,300,162
842,2022-11-28,14:13:00,71,Female,47,Clothing,2,300,105
879,2022-11-13,16:51:00,50,Male,23,Clothing,1,30,15.3
991,2023-09-14,14:28:00,110,Female,34,Clothing,2,50,19.5
1025,2022-11-12,16:41:00,103,Female,64,Beauty,1,50,16.5
1082,2022-10-22,15:56:00,111,Female,32,Beauty,4,50,27.5
1472,2023-12-18,15:22:00,74,Female,38,Beauty,3,300,150
1842,2022-10-04,14:03:00,84,Female,47,Clothing,2,300,75
1879,2022-11-18,15:27:00,66,Male,23,Clothing,1,30,16.2
1991,2022-12-04,13:11:00,96,Female,34,Clothing,2,50,14.5
62,2023-09-16,12:54:00,50,Male,18,Beauty,2,50,26.5
386,2022-10-23,13:20:00,77,Female,54,Electronics,2,300,153
1062,2022-12-20,16:05:00,69,Male,18,Beauty,2,50,21.5
1386,2023-12-19,14:06:00,110,Female,54,Electronics,2,300,81
429,2023-09-08,14:29:00,80,Male,64,Electronics,2,25,6.75
664,2022-09-03,16:52:00,109,Female,44,Clothing,4,500,170
989,2022-10-31,13:30:00,97,Female,44,Electronics,1,25,8.25
1429,2023-11-22,13:14:00,102,Male,64,Electronics,2,25,12
1664,2023-12-12,16:44:00,99,Female,44,Clothing,4,500,245
1989,2022-09-06,16:21:00,109,Female,44,Electronics,1,25,13.25
233,2022-09-03,13:09:00,81,Female,51,Beauty,2,300,132
520,2022-10-16,12:42:00,79,Female,49,Electronics,4,25,13
805,2022-09-03,13:55:00,59,Female,30,Beauty,3,500,155
908,2022-10-30,14:47:00,64,Male,46,Beauty,4,300,81
1233,2023-10-01,16:20:00,79,Female,51,Beauty,2,300,117
1520,2022-11-21,15:28:00,88,Female,49,Electronics,4,25,10.5
1805,2023-10-10,13:35:00,79,Female,30,Beauty,3,500,225
1908,2023-12-17,12:34:00,93,Male,46,Beauty,4,300,87
857,2023-11-20,12:09:00,62,Male,60,Electronics,2,25,12
1857,2022-11-09,12:15:00,109,Male,60,Electronics,2,25,7.5
211,2022-09-12,14:02:00,54,Male,42,Beauty,3,500,235
650,2023-10-08,12:41:00,98,Male,55,Electronics,1,30,15
1211,2023-11-22,14:59:00,82,Male,42,Beauty,3,500,235
1650,2022-09-23,16:24:00,89,Male,55,Electronics,1,30,10.8
